ticket_id,attendee_id,event_id,price_paid,seat_info,status,checked_in_at,created_at,updated_at,reservation_id,reservation_expires_at,original_price,currency,payment_status,purchased_at,package_id,registration_id,ticket_type_id,ticket_price,ticket_status,is_partner_ticket,qr_code_url,event_ticket_id,ticket_number
477a2446-2fcf-429a-91fb-dbe465f2c520,,03a51924-1606-47c9-838d-9dc32657cd59,115.00,,reserved,,2025-06-07 13:49:08.245689+00,2025-06-07 13:49:08.245689+00,,,,AUD,Unpaid,,,9096129e-dba5-4073-856b-937df2c6d3f1,,,,false,,fd12d7f0-f346-49bf-b1eb-0682ad226216,LDG-856583
572db145-66c9-4744-a5f5-1cb4646d180d,,03a51924-1606-47c9-838d-9dc32657cd59,115.00,,reserved,,2025-06-07 13:49:08.245689+00,2025-06-07 13:49:08.245689+00,,,,AUD,Unpaid,,,9096129e-dba5-4073-856b-937df2c6d3f1,,,,false,,fd12d7f0-f346-49bf-b1eb-0682ad226216,LDG-496486
081707ed-6544-4e6d-8a75-3149cecbe847,,03a51924-1606-47c9-838d-9dc32657cd59,115.00,,reserved,,2025-06-07 13:49:08.245689+00,2025-06-07 13:49:08.245689+00,,,,AUD,Unpaid,,,9096129e-dba5-4073-856b-937df2c6d3f1,,,,false,,fd12d7f0-f346-49bf-b1eb-0682ad226216,LDG-782881
49a927be-26b3-427e-bbab-070b0bab60b0,,03a51924-1606-47c9-838d-9dc32657cd59,115.00,,reserved,,2025-06-07 13:49:08.245689+00,2025-06-07 13:49:08.245689+00,,,,AUD,Unpaid,,,9096129e-dba5-4073-856b-937df2c6d3f1,,,,false,,fd12d7f0-f346-49bf-b1eb-0682ad226216,LDG-138705
33842b28-4d18-4a63-9bae-f91a2126dd21,,03a51924-1606-47c9-838d-9dc32657cd59,115.00,,reserved,,2025-06-07 13:49:08.245689+00,2025-06-07 13:49:08.245689+00,,,,AUD,Unpaid,,,9096129e-dba5-4073-856b-937df2c6d3f1,,,,false,,fd12d7f0-f346-49bf-b1eb-0682ad226216,LDG-209383
5641c7e7-30ed-47c5-a276-ee7f30d1ecf3,,03a51924-1606-47c9-838d-9dc32657cd59,115.00,,reserved,,2025-06-07 13:49:08.245689+00,2025-06-07 13:49:08.245689+00,,,,AUD,Unpaid,,,9096129e-dba5-4073-856b-937df2c6d3f1,,,,false,,fd12d7f0-f346-49bf-b1eb-0682ad226216,LDG-041898
c0a92653-6e3e-4d88-aa04-5eb2b491f059,,03a51924-1606-47c9-838d-9dc32657cd59,115.00,,reserved,,2025-06-07 13:49:08.245689+00,2025-06-07 13:49:08.245689+00,,,,AUD,Unpaid,,,9096129e-dba5-4073-856b-937df2c6d3f1,,,,false,,fd12d7f0-f346-49bf-b1eb-0682ad226216,LDG-100628
140d7aa7-c838-45c9-b5ea-8b221166fef8,,03a51924-1606-47c9-838d-9dc32657cd59,115.00,,reserved,,2025-06-07 13:49:08.245689+00,2025-06-07 13:49:08.245689+00,,,,AUD,Unpaid,,,9096129e-dba5-4073-856b-937df2c6d3f1,,,,false,,fd12d7f0-f346-49bf-b1eb-0682ad226216,LDG-614836
a544005f-81ec-4477-9592-6613a911e210,,03a51924-1606-47c9-838d-9dc32657cd59,115.00,,reserved,,2025-06-07 13:49:08.245689+00,2025-06-07 13:49:08.245689+00,,,,AUD,Unpaid,,,9096129e-dba5-4073-856b-937df2c6d3f1,,,,false,,fd12d7f0-f346-49bf-b1eb-0682ad226216,LDG-779530
f76d4be0-3bad-4edb-a43a-785a1e68414b,,03a51924-1606-47c9-838d-9dc32657cd59,115.00,,reserved,,2025-06-07 13:49:08.245689+00,2025-06-07 13:49:08.245689+00,,,,AUD,Unpaid,,,9096129e-dba5-4073-856b-937df2c6d3f1,,,,false,,fd12d7f0-f346-49bf-b1eb-0682ad226216,LDG-313030
a592db9b-d318-4173-8fb7-c13661aea06f,,03a51924-1606-47c9-838d-9dc32657cd59,115.00,,reserved,,2025-06-07 15:22:39.444756+00,2025-06-07 15:22:39.444756+00,,,,AUD,Unpaid,,,136dac1d-9eb1-4c62-af3b-2b8c0375a277,,,,false,,fd12d7f0-f346-49bf-b1eb-0682ad226216,LDG-640102
902a6689-ef3e-42db-abc4-1c75de83b83b,,03a51924-1606-47c9-838d-9dc32657cd59,115.00,,reserved,,2025-06-07 15:22:39.444756+00,2025-06-07 15:22:39.444756+00,,,,AUD,Unpaid,,,136dac1d-9eb1-4c62-af3b-2b8c0375a277,,,,false,,fd12d7f0-f346-49bf-b1eb-0682ad226216,LDG-300842
6b4b2f64-023f-488b-bbd6-ed1d4e7d6afb,,03a51924-1606-47c9-838d-9dc32657cd59,115.00,,reserved,,2025-06-07 15:22:39.444756+00,2025-06-07 15:22:39.444756+00,,,,AUD,Unpaid,,,136dac1d-9eb1-4c62-af3b-2b8c0375a277,,,,false,,fd12d7f0-f346-49bf-b1eb-0682ad226216,LDG-330646
e5214f47-af87-4922-8afb-59eb72394992,,03a51924-1606-47c9-838d-9dc32657cd59,115.00,,reserved,,2025-06-07 15:22:39.444756+00,2025-06-07 15:22:39.444756+00,,,,AUD,Unpaid,,,136dac1d-9eb1-4c62-af3b-2b8c0375a277,,,,false,,fd12d7f0-f346-49bf-b1eb-0682ad226216,LDG-505343
53ff162d-09ad-4d59-8ff5-f7bb9da7555b,,03a51924-1606-47c9-838d-9dc32657cd59,115.00,,reserved,,2025-06-07 15:22:39.444756+00,2025-06-07 15:22:39.444756+00,,,,AUD,Unpaid,,,136dac1d-9eb1-4c62-af3b-2b8c0375a277,,,,false,,fd12d7f0-f346-49bf-b1eb-0682ad226216,LDG-010115
4a8474b9-3e55-4859-82eb-82cf66e80086,,03a51924-1606-47c9-838d-9dc32657cd59,115.00,,reserved,,2025-06-07 15:22:39.444756+00,2025-06-07 15:22:39.444756+00,,,,AUD,Unpaid,,,136dac1d-9eb1-4c62-af3b-2b8c0375a277,,,,false,,fd12d7f0-f346-49bf-b1eb-0682ad226216,LDG-872910
459b3a71-a86c-429d-86ce-1b0eef06c774,,03a51924-1606-47c9-838d-9dc32657cd59,115.00,,reserved,,2025-06-07 15:22:39.444756+00,2025-06-07 15:22:39.444756+00,,,,AUD,Unpaid,,,136dac1d-9eb1-4c62-af3b-2b8c0375a277,,,,false,,fd12d7f0-f346-49bf-b1eb-0682ad226216,LDG-820359
5aa9d1fd-5199-4792-8ab9-f839251fc447,,03a51924-1606-47c9-838d-9dc32657cd59,115.00,,reserved,,2025-06-07 15:22:39.444756+00,2025-06-07 15:22:39.444756+00,,,,AUD,Unpaid,,,136dac1d-9eb1-4c62-af3b-2b8c0375a277,,,,false,,fd12d7f0-f346-49bf-b1eb-0682ad226216,LDG-385289
36cc7cb0-1b30-4ef2-895c-a72b27f39564,,03a51924-1606-47c9-838d-9dc32657cd59,115.00,,reserved,,2025-06-07 15:22:39.444756+00,2025-06-07 15:22:39.444756+00,,,,AUD,Unpaid,,,136dac1d-9eb1-4c62-af3b-2b8c0375a277,,,,false,,fd12d7f0-f346-49bf-b1eb-0682ad226216,LDG-347813
1a5fe8a7-8722-40e1-90ed-0ad451a55d0d,,03a51924-1606-47c9-838d-9dc32657cd59,115.00,,reserved,,2025-06-07 15:22:39.444756+00,2025-06-07 15:22:39.444756+00,,,,AUD,Unpaid,,,136dac1d-9eb1-4c62-af3b-2b8c0375a277,,,,false,,fd12d7f0-f346-49bf-b1eb-0682ad226216,LDG-974020
c2e44456-dcf3-4be6-a04e-3a918a0fb830,,03a51924-1606-47c9-838d-9dc32657cd59,115.00,,reserved,,2025-06-07 15:22:39.444756+00,2025-06-07 15:22:39.444756+00,,,,AUD,Unpaid,,,136dac1d-9eb1-4c62-af3b-2b8c0375a277,,,,false,,fd12d7f0-f346-49bf-b1eb-0682ad226216,LDG-385257
76936d97-6ae8-4f06-9e4d-12aa618fb6dd,,03a51924-1606-47c9-838d-9dc32657cd59,115.00,,reserved,,2025-06-07 15:22:39.444756+00,2025-06-07 15:22:39.444756+00,,,,AUD,Unpaid,,,136dac1d-9eb1-4c62-af3b-2b8c0375a277,,,,false,,fd12d7f0-f346-49bf-b1eb-0682ad226216,LDG-664126
f4fe84b1-d6b4-4720-bf83-d2f3dd44738a,,03a51924-1606-47c9-838d-9dc32657cd59,115.00,,reserved,,2025-06-07 15:22:39.444756+00,2025-06-07 15:22:39.444756+00,,,,AUD,Unpaid,,,136dac1d-9eb1-4c62-af3b-2b8c0375a277,,,,false,,fd12d7f0-f346-49bf-b1eb-0682ad226216,LDG-725970
f69d42a5-f32c-4317-94b2-2216307a0a18,,03a51924-1606-47c9-838d-9dc32657cd59,115.00,,reserved,,2025-06-07 15:22:39.444756+00,2025-06-07 15:22:39.444756+00,,,,AUD,Unpaid,,,136dac1d-9eb1-4c62-af3b-2b8c0375a277,,,,false,,fd12d7f0-f346-49bf-b1eb-0682ad226216,LDG-255483
8f253aeb-87e9-4f26-8864-2f9591f3f7c3,,03a51924-1606-47c9-838d-9dc32657cd59,115.00,,reserved,,2025-06-07 15:22:39.444756+00,2025-06-07 15:22:39.444756+00,,,,AUD,Unpaid,,,136dac1d-9eb1-4c62-af3b-2b8c0375a277,,,,false,,fd12d7f0-f346-49bf-b1eb-0682ad226216,LDG-101238
a221ed70-b155-48a6-bc19-497513646431,,03a51924-1606-47c9-838d-9dc32657cd59,115.00,,reserved,,2025-06-07 15:22:39.444756+00,2025-06-07 15:22:39.444756+00,,,,AUD,Unpaid,,,136dac1d-9eb1-4c62-af3b-2b8c0375a277,,,,false,,fd12d7f0-f346-49bf-b1eb-0682ad226216,LDG-691737
f9609a5f-ac4f-4f60-97af-d6fd3f560900,,03a51924-1606-47c9-838d-9dc32657cd59,115.00,,reserved,,2025-06-07 15:22:39.444756+00,2025-06-07 15:22:39.444756+00,,,,AUD,Unpaid,,,136dac1d-9eb1-4c62-af3b-2b8c0375a277,,,,false,,fd12d7f0-f346-49bf-b1eb-0682ad226216,LDG-192070
e376a409-b7fb-43ca-bd4d-e56f27adab5b,,03a51924-1606-47c9-838d-9dc32657cd59,115.00,,reserved,,2025-06-07 15:22:39.444756+00,2025-06-07 15:22:39.444756+00,,,,AUD,Unpaid,,,136dac1d-9eb1-4c62-af3b-2b8c0375a277,,,,false,,fd12d7f0-f346-49bf-b1eb-0682ad226216,LDG-423771
d3928a10-e763-482a-9ced-46cbc076102e,,03a51924-1606-47c9-838d-9dc32657cd59,115.00,,reserved,,2025-06-07 15:22:39.444756+00,2025-06-07 15:22:39.444756+00,,,,AUD,Unpaid,,,136dac1d-9eb1-4c62-af3b-2b8c0375a277,,,,false,,fd12d7f0-f346-49bf-b1eb-0682ad226216,LDG-984760
64523345-0c06-4e0f-8bcb-fe9596837e11,,03a51924-1606-47c9-838d-9dc32657cd59,115.00,,reserved,,2025-06-07 15:22:39.444756+00,2025-06-07 15:22:39.444756+00,,,,AUD,Unpaid,,,136dac1d-9eb1-4c62-af3b-2b8c0375a277,,,,false,,fd12d7f0-f346-49bf-b1eb-0682ad226216,LDG-189464
93739b1b-42bc-4ba8-8b31-e82e7d43d616,057687a9-cd13-4bfd-b375-5998d1dbbf20,03a51924-1606-47c9-838d-9dc32657cd59,0.00,,Active,,2025-06-08 08:38:57.545773+00,2025-06-08 08:38:57.545773+00,,,0.00,AUD,Unpaid,,,471a1d79-3b3e-4f51-820e-ce7c8d8c82d7,,,,false,,,
a90353d0-61ee-410f-8e5e-2c3bcb5439cd,4b190541-629b-4686-b54f-b8600eac3d76,03a51924-1606-47c9-838d-9dc32657cd59,0.00,,Active,,2025-06-08 08:38:57.545773+00,2025-06-08 08:38:57.545773+00,,,0.00,AUD,Unpaid,,,471a1d79-3b3e-4f51-820e-ce7c8d8c82d7,,,,false,,,
6cddb585-3bca-4039-9248-a672dc7b414c,,03a51924-1606-47c9-838d-9dc32657cd59,115.00,,reserved,,2025-06-09 00:10:16.893944+00,2025-06-09 00:10:16.893944+00,,,,AUD,Unpaid,,,523998a8-9660-44af-a241-0178a7295e6f,,,,false,,fd12d7f0-f346-49bf-b1eb-0682ad226216,LDG-824334
172a63e9-8c72-4bc0-9c8d-313b75e34b2a,,03a51924-1606-47c9-838d-9dc32657cd59,115.00,,reserved,,2025-06-09 00:10:16.893944+00,2025-06-09 00:10:16.893944+00,,,,AUD,Unpaid,,,523998a8-9660-44af-a241-0178a7295e6f,,,,false,,fd12d7f0-f346-49bf-b1eb-0682ad226216,LDG-683502
490bda23-3c46-49a9-a28f-021e68862a58,,03a51924-1606-47c9-838d-9dc32657cd59,115.00,,reserved,,2025-06-09 00:10:16.893944+00,2025-06-09 00:10:16.893944+00,,,,AUD,Unpaid,,,523998a8-9660-44af-a241-0178a7295e6f,,,,false,,fd12d7f0-f346-49bf-b1eb-0682ad226216,LDG-982780
ff9f9cd0-1b84-424d-8a72-6915c7f5599a,,03a51924-1606-47c9-838d-9dc32657cd59,115.00,,reserved,,2025-06-09 00:10:16.893944+00,2025-06-09 00:10:16.893944+00,,,,AUD,Unpaid,,,523998a8-9660-44af-a241-0178a7295e6f,,,,false,,fd12d7f0-f346-49bf-b1eb-0682ad226216,LDG-884751
98b3594e-b21a-4150-b327-d1f6f83decb9,,03a51924-1606-47c9-838d-9dc32657cd59,115.00,,reserved,,2025-06-09 00:10:16.893944+00,2025-06-09 00:10:16.893944+00,,,,AUD,Unpaid,,,523998a8-9660-44af-a241-0178a7295e6f,,,,false,,fd12d7f0-f346-49bf-b1eb-0682ad226216,LDG-035659
747a99b4-89ee-4d9c-ad52-84fe8d777ac3,,03a51924-1606-47c9-838d-9dc32657cd59,115.00,,reserved,,2025-06-09 00:10:16.893944+00,2025-06-09 00:10:16.893944+00,,,,AUD,Unpaid,,,523998a8-9660-44af-a241-0178a7295e6f,,,,false,,fd12d7f0-f346-49bf-b1eb-0682ad226216,LDG-399138
bfc5de07-0985-4567-b671-2b3ffac24834,,03a51924-1606-47c9-838d-9dc32657cd59,115.00,,reserved,,2025-06-09 00:10:16.893944+00,2025-06-09 00:10:16.893944+00,,,,AUD,Unpaid,,,523998a8-9660-44af-a241-0178a7295e6f,,,,false,,fd12d7f0-f346-49bf-b1eb-0682ad226216,LDG-105282
ec286edb-f42a-4247-804a-97e6b6c9e9ae,,03a51924-1606-47c9-838d-9dc32657cd59,115.00,,reserved,,2025-06-09 00:10:16.893944+00,2025-06-09 00:10:16.893944+00,,,,AUD,Unpaid,,,523998a8-9660-44af-a241-0178a7295e6f,,,,false,,fd12d7f0-f346-49bf-b1eb-0682ad226216,LDG-832054
60d43b03-e986-4296-b3ec-efb84c3bf60a,,03a51924-1606-47c9-838d-9dc32657cd59,115.00,,reserved,,2025-06-09 00:10:16.893944+00,2025-06-09 00:10:16.893944+00,,,,AUD,Unpaid,,,523998a8-9660-44af-a241-0178a7295e6f,,,,false,,fd12d7f0-f346-49bf-b1eb-0682ad226216,LDG-161059
144a3209-d081-4653-88ba-f6d58f6f7697,,03a51924-1606-47c9-838d-9dc32657cd59,115.00,,reserved,,2025-06-09 00:10:16.893944+00,2025-06-09 00:10:16.893944+00,,,,AUD,Unpaid,,,523998a8-9660-44af-a241-0178a7295e6f,,,,false,,fd12d7f0-f346-49bf-b1eb-0682ad226216,LDG-139332
6d21d7fb-f343-4e43-b20a-7d9f93ef2a48,4e2b29ae-e392-496b-90ba-c9e89849f911,03a51924-1606-47c9-838d-9dc32657cd59,0.00,,Active,,2025-06-09 07:42:02.18606+00,2025-06-09 07:42:02.18606+00,,,0.00,AUD,Unpaid,,,5d344e43-7f6f-42b3-b468-cc2aaf1aca34,,,,false,,,
da736eec-866f-4994-aa26-0d7388b9279f,572ef766-7e0b-4f5d-a107-b91ab59a19fd,03a51924-1606-47c9-838d-9dc32657cd59,0.00,,Active,,2025-06-09 07:50:23.22061+00,2025-06-09 07:50:23.22061+00,,,0.00,AUD,Unpaid,,,016c35f4-69d8-4a03-8eaf-98f568f53aef,,,,false,,,
7d7054c2-8fe9-4a8e-a839-78113fae72fb,e25da6ba-3d00-4b28-bce3-0bc5c128a8d5,03a51924-1606-47c9-838d-9dc32657cd59,0.00,,Active,,2025-06-09 08:52:36.873199+00,2025-06-09 08:52:36.873199+00,,,0.00,AUD,Unpaid,,,b509f98e-6270-4666-89fe-d9776f73c331,,,,false,,,
6b7cc46e-5d02-4eba-97c7-28b177dbe1fc,b96b4d8d-6deb-4035-b2ed-3e04ffc45a3c,03a51924-1606-47c9-838d-9dc32657cd59,0.00,,Active,,2025-06-09 08:52:36.873199+00,2025-06-09 08:52:36.873199+00,,,0.00,AUD,Unpaid,,,b509f98e-6270-4666-89fe-d9776f73c331,,,,false,,,
740f7a9f-0425-4d50-b044-7b0ed158ad8a,,03a51924-1606-47c9-838d-9dc32657cd59,115.00,,reserved,,2025-06-09 12:05:40.255348+00,2025-06-09 12:05:40.255348+00,,,,AUD,Unpaid,,,bdeecfc7-94ef-4eb8-a246-6d2883f31db8,,,,false,,fd12d7f0-f346-49bf-b1eb-0682ad226216,LDG-293881
dc54f4ec-fbbd-4c19-aea4-7dc916006582,,03a51924-1606-47c9-838d-9dc32657cd59,115.00,,reserved,,2025-06-09 12:05:40.255348+00,2025-06-09 12:05:40.255348+00,,,,AUD,Unpaid,,,bdeecfc7-94ef-4eb8-a246-6d2883f31db8,,,,false,,fd12d7f0-f346-49bf-b1eb-0682ad226216,LDG-257397
82a254bd-2cd2-45c4-832c-df62d576cf54,,03a51924-1606-47c9-838d-9dc32657cd59,115.00,,reserved,,2025-06-09 12:05:40.255348+00,2025-06-09 12:05:40.255348+00,,,,AUD,Unpaid,,,bdeecfc7-94ef-4eb8-a246-6d2883f31db8,,,,false,,fd12d7f0-f346-49bf-b1eb-0682ad226216,LDG-149815
01f797ad-33c0-45e8-b749-10b6d9c9e92a,,03a51924-1606-47c9-838d-9dc32657cd59,115.00,,reserved,,2025-06-09 12:05:40.255348+00,2025-06-09 12:05:40.255348+00,,,,AUD,Unpaid,,,bdeecfc7-94ef-4eb8-a246-6d2883f31db8,,,,false,,fd12d7f0-f346-49bf-b1eb-0682ad226216,LDG-083329
10c1e262-e798-41c0-a4b2-c15939776329,,03a51924-1606-47c9-838d-9dc32657cd59,115.00,,reserved,,2025-06-09 12:05:40.255348+00,2025-06-09 12:05:40.255348+00,,,,AUD,Unpaid,,,bdeecfc7-94ef-4eb8-a246-6d2883f31db8,,,,false,,fd12d7f0-f346-49bf-b1eb-0682ad226216,LDG-725887
eded239c-d329-415f-8321-7ee0eca449bb,,03a51924-1606-47c9-838d-9dc32657cd59,115.00,,reserved,,2025-06-09 12:05:40.255348+00,2025-06-09 12:05:40.255348+00,,,,AUD,Unpaid,,,bdeecfc7-94ef-4eb8-a246-6d2883f31db8,,,,false,,fd12d7f0-f346-49bf-b1eb-0682ad226216,LDG-998643
0bd1bb2b-7e1d-4101-8e84-e268d6a87e66,,03a51924-1606-47c9-838d-9dc32657cd59,115.00,,reserved,,2025-06-09 12:05:40.255348+00,2025-06-09 12:05:40.255348+00,,,,AUD,Unpaid,,,bdeecfc7-94ef-4eb8-a246-6d2883f31db8,,,,false,,fd12d7f0-f346-49bf-b1eb-0682ad226216,LDG-106047
493772e2-a2c0-42ec-b60e-fe0c0fca446c,,03a51924-1606-47c9-838d-9dc32657cd59,115.00,,reserved,,2025-06-09 12:05:40.255348+00,2025-06-09 12:05:40.255348+00,,,,AUD,Unpaid,,,bdeecfc7-94ef-4eb8-a246-6d2883f31db8,,,,false,,fd12d7f0-f346-49bf-b1eb-0682ad226216,LDG-245306
c4eaf5d0-04ee-47c1-bb73-c87d22ebf49d,,03a51924-1606-47c9-838d-9dc32657cd59,115.00,,reserved,,2025-06-09 12:05:40.255348+00,2025-06-09 12:05:40.255348+00,,,,AUD,Unpaid,,,bdeecfc7-94ef-4eb8-a246-6d2883f31db8,,,,false,,fd12d7f0-f346-49bf-b1eb-0682ad226216,LDG-749145
a5bdda1c-d293-4de9-94b3-624d992fd5ca,,03a51924-1606-47c9-838d-9dc32657cd59,115.00,,reserved,,2025-06-09 12:05:40.255348+00,2025-06-09 12:05:40.255348+00,,,,AUD,Unpaid,,,bdeecfc7-94ef-4eb8-a246-6d2883f31db8,,,,false,,fd12d7f0-f346-49bf-b1eb-0682ad226216,LDG-584334
fedb1805-0f55-481e-a98c-c56dcb200e2b,4016ea6c-026c-4d18-a305-ac202eb6b61a,03a51924-1606-47c9-838d-9dc32657cd59,0.00,,Active,,2025-06-10 01:00:51.333534+00,2025-06-10 01:00:51.333534+00,,,0.00,AUD,Unpaid,,,d6602998-8d2a-465a-9f13-66f2e6e011e0,,,,false,,,
f3013ba5-f3ac-4ac2-9d0a-2cb442c83af1,36f021b7-3ca4-4e25-86f0-86dee051b812,03a51924-1606-47c9-838d-9dc32657cd59,0.00,,Active,,2025-06-10 01:00:51.333534+00,2025-06-10 01:00:51.333534+00,,,0.00,AUD,Unpaid,,,d6602998-8d2a-465a-9f13-66f2e6e011e0,,,,false,,,
52dcc17b-cd96-40d2-bb82-2ea489d0ad6b,2b7985df-7fa7-441a-9d30-cd74973cb1b5,03a51924-1606-47c9-838d-9dc32657cd59,0.00,,Active,,2025-06-10 01:12:40.019729+00,2025-06-10 01:12:40.019729+00,,,0.00,AUD,Unpaid,,,13ce226e-c9c8-4fa3-a18f-ef33ebb03f4c,,,,false,,,
59ad06ce-7638-41c3-b33a-3f5ed82b0cf9,aaa5fa68-6aac-46a9-a668-2ca1b4d9c21e,03a51924-1606-47c9-838d-9dc32657cd59,0.00,,Active,,2025-06-10 01:12:40.019729+00,2025-06-10 01:12:40.019729+00,,,0.00,AUD,Unpaid,,,13ce226e-c9c8-4fa3-a18f-ef33ebb03f4c,,,,false,,,
a8b5825b-4ee8-4c5f-a40b-078624f50a0f,980d852f-12da-4dd8-964c-a01f03458921,03a51924-1606-47c9-838d-9dc32657cd59,0.00,,Active,,2025-06-10 01:14:55.093572+00,2025-06-10 01:14:55.093572+00,,,0.00,AUD,Unpaid,,,37c0eb25-0691-45ef-9c01-12bb75b845e0,,,,false,,,
5d6cc44d-874c-4670-8957-3512c99ef6fc,0b19cbf0-078a-4e91-b035-55002056e8ff,03a51924-1606-47c9-838d-9dc32657cd59,0.00,,Active,,2025-06-10 01:14:55.093572+00,2025-06-10 01:14:55.093572+00,,,0.00,AUD,Unpaid,,,37c0eb25-0691-45ef-9c01-12bb75b845e0,,,,false,,,
fda5f5fc-bd96-4518-a285-b6a8aaaa2076,34405e1c-a8cf-4dd3-a663-91e4675d1302,03a51924-1606-47c9-838d-9dc32657cd59,0.00,,Active,,2025-06-10 01:38:29.630478+00,2025-06-10 01:38:29.630478+00,,,0.00,AUD,Unpaid,,,3440c561-1a8f-4489-b3a8-380132cbc4c4,,,,false,,,
e6c4092b-d31d-445d-8a43-d7e24347e75f,059de79a-f0fb-4d56-946a-5a492ae530ae,03a51924-1606-47c9-838d-9dc32657cd59,0.00,,Active,,2025-06-10 01:38:29.630478+00,2025-06-10 01:38:29.630478+00,,,0.00,AUD,Unpaid,,,3440c561-1a8f-4489-b3a8-380132cbc4c4,,,,false,,,
3b063508-77c5-4d0e-82f6-41ed96680952,a04e5d5e-eb40-404d-be33-a77f1e6a82f7,03a51924-1606-47c9-838d-9dc32657cd59,0.00,,Active,,2025-06-10 01:40:13.620563+00,2025-06-10 01:40:13.620563+00,,,0.00,AUD,Unpaid,,,ed200d3e-6355-468c-9535-9b1f4ae2c002,,,,false,,,
370e49bd-154a-4fbd-9c04-394ea5f2122a,85c73b57-7124-4eeb-ae31-c8b558eee636,03a51924-1606-47c9-838d-9dc32657cd59,0.00,,Active,,2025-06-10 01:40:13.620563+00,2025-06-10 01:40:13.620563+00,,,0.00,AUD,Unpaid,,,ed200d3e-6355-468c-9535-9b1f4ae2c002,,,,false,,,
5a79a275-e3b9-4ef7-8635-8945e3d8edb4,09661dea-4acf-4f35-a9a3-1f57e786ac1b,03a51924-1606-47c9-838d-9dc32657cd59,0.00,,Active,,2025-06-10 03:53:38.073448+00,2025-06-10 03:53:38.073448+00,,,0.00,AUD,Unpaid,,,691bbbe7-cb53-4350-99a6-e9554bf59fd9,,,,false,,,
a070ca55-d4d2-4506-bbbc-aab3c5903eeb,498b958a-6d0b-4069-8b63-ba36f49a7134,03a51924-1606-47c9-838d-9dc32657cd59,0.00,,Active,,2025-06-10 03:53:38.073448+00,2025-06-10 03:53:38.073448+00,,,0.00,AUD,Unpaid,,,691bbbe7-cb53-4350-99a6-e9554bf59fd9,,,,false,,,
4553cebe-afb1-4af7-9a51-aa02cb68c7bb,,03a51924-1606-47c9-838d-9dc32657cd59,0.00,,pending,,2025-06-13 02:19:56.707201+00,2025-06-13 02:19:56.707201+00,,,,AUD,Unpaid,,,9702da19-deb6-465e-b3e5-b0aed0894eb6,c3d4e5f6-a7b8-4923-cdef-345678901234,,,false,,,
cad09cbc-3928-4dbc-975e-2afd1a625920,,03a51924-1606-47c9-838d-9dc32657cd59,0.00,,pending,,2025-06-13 02:19:56.707201+00,2025-06-13 02:19:56.707201+00,,,,AUD,Unpaid,,,9702da19-deb6-465e-b3e5-b0aed0894eb6,fd12d7f0-f346-49bf-b1eb-0682ad226216,,,false,,,
e9446f85-7563-4b35-8cd7-f87356754c47,,03a51924-1606-47c9-838d-9dc32657cd59,0.00,,pending,,2025-06-13 02:19:56.707201+00,2025-06-13 02:19:56.707201+00,,,,AUD,Unpaid,,,9702da19-deb6-465e-b3e5-b0aed0894eb6,a1b2c3d4-e5f6-4789-abcd-ef1234567890,,,false,,,
4527d238-e3d9-4175-b11b-0151eac47228,,03a51924-1606-47c9-838d-9dc32657cd59,0.00,,pending,,2025-06-13 02:19:56.707201+00,2025-06-13 02:19:56.707201+00,,,,AUD,Unpaid,,,9702da19-deb6-465e-b3e5-b0aed0894eb6,b2c3d4e5-f6a7-4891-bcde-f23456789012,,,false,,,
ffbd502f-39de-4e2f-8e57-6d98ffe39d38,,03a51924-1606-47c9-838d-9dc32657cd59,0.00,,pending,,2025-06-13 03:27:24.59918+00,2025-06-13 03:27:24.59918+00,,,,AUD,Unpaid,,,8c777977-6d79-4bfa-9b7e-c1eeff658785,b2c3d4e5-f6a7-4891-bcde-f23456789012,,,false,,,
20df957d-e989-49a1-9b14-19c5adb2174b,,03a51924-1606-47c9-838d-9dc32657cd59,0.00,,pending,,2025-06-13 03:27:24.59918+00,2025-06-13 03:27:24.59918+00,,,,AUD,Unpaid,,,8c777977-6d79-4bfa-9b7e-c1eeff658785,fd12d7f0-f346-49bf-b1eb-0682ad226216,,,false,,,
9391dab3-aafa-4a69-a6c5-315e54eb2ad5,,03a51924-1606-47c9-838d-9dc32657cd59,0.00,,pending,,2025-06-13 03:27:24.59918+00,2025-06-13 03:27:24.59918+00,,,,AUD,Unpaid,,,8c777977-6d79-4bfa-9b7e-c1eeff658785,c3d4e5f6-a7b8-4923-cdef-345678901234,,,false,,,
1fdf8eec-a58d-4c6d-902f-b671868523f2,,03a51924-1606-47c9-838d-9dc32657cd59,0.00,,pending,,2025-06-14 00:47:46.234846+00,2025-06-14 00:47:46.234846+00,,,,AUD,Unpaid,,,c8c704c1-fa12-43a4-9ae1-903b5945d4c5,fd12d7f0-f346-49bf-b1eb-0682ad226216,,,false,,,
c2e681dc-a4f6-4941-bae6-8ebcd3ff78e7,,03a51924-1606-47c9-838d-9dc32657cd59,0.00,,pending,,2025-06-14 00:47:46.234846+00,2025-06-14 00:47:46.234846+00,,,,AUD,Unpaid,,,c8c704c1-fa12-43a4-9ae1-903b5945d4c5,fd12d7f0-f346-49bf-b1eb-0682ad226216,,,false,,,
82deec94-f4b1-44c9-bc74-a92625f50a2c,,03a51924-1606-47c9-838d-9dc32657cd59,0.00,,pending,,2025-06-14 00:56:06.321196+00,2025-06-14 00:56:06.321196+00,,,,AUD,Unpaid,,,4be7c072-c65d-4e67-9420-59d42053010a,fd12d7f0-f346-49bf-b1eb-0682ad226216,,,false,,,
d15642b6-92d1-473d-96ab-23541e6564b1,,03a51924-1606-47c9-838d-9dc32657cd59,0.00,,pending,,2025-06-14 00:56:06.321196+00,2025-06-14 00:56:06.321196+00,,,,AUD,Unpaid,,,4be7c072-c65d-4e67-9420-59d42053010a,fd12d7f0-f346-49bf-b1eb-0682ad226216,,,false,,,
6e3b4bec-d5dc-4134-8c69-e78b36e997af,,03a51924-1606-47c9-838d-9dc32657cd59,0.00,,pending,,2025-06-14 03:45:28.26601+00,2025-06-14 03:45:28.26601+00,,,,AUD,Unpaid,,,0a5f85cd-0f5d-4853-ae2c-25279217d6d1,fd12d7f0-f346-49bf-b1eb-0682ad226216,,,false,,,
ab7c012e-702d-4529-ae60-31c39ad25fe8,,03a51924-1606-47c9-838d-9dc32657cd59,0.00,,pending,,2025-06-14 03:45:28.26601+00,2025-06-14 03:45:28.26601+00,,,,AUD,Unpaid,,,0a5f85cd-0f5d-4853-ae2c-25279217d6d1,fd12d7f0-f346-49bf-b1eb-0682ad226216,,,false,,,
f9a51a77-4a32-4633-9da5-996f9a8c132d,,03a51924-1606-47c9-838d-9dc32657cd59,0.00,,pending,,2025-06-15 04:34:17.921564+00,2025-06-15 04:34:17.921564+00,,,,AUD,Unpaid,,,7614f44f-66e7-4e2e-a542-7e7f75ddfc8f,fd12d7f0-f346-49bf-b1eb-0682ad226216,,,false,,,
fd73762a-6c1a-4870-b2ad-f289221b3ee4,,03a51924-1606-47c9-838d-9dc32657cd59,0.00,,pending,,2025-06-17 04:50:18.133483+00,2025-06-17 04:50:18.133483+00,,,,AUD,Unpaid,,,46bf4209-9df1-4ca8-b027-0ce41e844fe4,fd12d7f0-f346-49bf-b1eb-0682ad226216,,,false,,,
143a20e3-3511-46c0-a842-f7509d784a42,,03a51924-1606-47c9-838d-9dc32657cd59,0.00,,pending,,2025-06-17 04:53:01.957925+00,2025-06-17 04:53:01.957925+00,,,,AUD,Unpaid,,,327c8fb9-f6b8-406f-b69a-fa7f505cc7ac,fd12d7f0-f346-49bf-b1eb-0682ad226216,,,false,,,
ff2d6fa0-484a-4c17-a7c6-f1639f924857,,03a51924-1606-47c9-838d-9dc32657cd59,0.00,,pending,,2025-06-17 07:07:48.559866+00,2025-06-17 07:07:48.559866+00,,,,AUD,Unpaid,,,529f2e9c-0ae1-4fde-ac1b-f2cd5eb70776,fd12d7f0-f346-49bf-b1eb-0682ad226216,,,false,,,
cbb77711-1121-4c48-b027-b76ecdec0b53,,03a51924-1606-47c9-838d-9dc32657cd59,0.00,,pending,,2025-06-17 07:07:48.559866+00,2025-06-17 07:07:48.559866+00,,,,AUD,Unpaid,,,529f2e9c-0ae1-4fde-ac1b-f2cd5eb70776,fd12d7f0-f346-49bf-b1eb-0682ad226216,,,false,,,
883237a8-881a-40a6-8daa-8e11f234daec,,03a51924-1606-47c9-838d-9dc32657cd59,0.00,,pending,,2025-06-17 23:43:46.123792+00,2025-06-17 23:43:46.123792+00,,,,AUD,Unpaid,,,96281c47-0525-44a7-9ff0-07f6d0ef5fdd,fd12d7f0-f346-49bf-b1eb-0682ad226216,,,false,,,
dc13caf3-636a-4d73-86fa-5f76a28e6777,,03a51924-1606-47c9-838d-9dc32657cd59,0.00,,pending,,2025-06-17 23:52:35.489353+00,2025-06-17 23:52:35.489353+00,,,,AUD,Unpaid,,,b097e5ef-b7cb-4953-87c6-fd85296a0b53,fd12d7f0-f346-49bf-b1eb-0682ad226216,,,false,,,
3b8867a6-53c4-428d-bb0a-5be20a74b8b6,,03a51924-1606-47c9-838d-9dc32657cd59,0.00,,pending,,2025-06-18 00:16:01.252222+00,2025-06-18 00:16:01.252222+00,,,,AUD,Unpaid,,,11e5d2aa-9054-485b-8dcd-bd248bb93464,fd12d7f0-f346-49bf-b1eb-0682ad226216,,,false,,,
1c2b3cb1-19ca-4589-bd8a-af2016165eaa,,03a51924-1606-47c9-838d-9dc32657cd59,0.00,,pending,,2025-06-18 00:16:01.252222+00,2025-06-18 00:16:01.252222+00,,,,AUD,Unpaid,,,11e5d2aa-9054-485b-8dcd-bd248bb93464,fd12d7f0-f346-49bf-b1eb-0682ad226216,,,false,,,
36cad4a7-0f83-4068-9fd4-5936b7e10733,,03a51924-1606-47c9-838d-9dc32657cd59,0.00,,pending,,2025-06-18 00:27:24.108758+00,2025-06-18 00:27:24.108758+00,,,,AUD,Unpaid,,,4dc40f4f-0968-4620-bd1c-33d4cbe01b7f,fd12d7f0-f346-49bf-b1eb-0682ad226216,,,false,,,
fff3a559-b07c-4a44-b215-391cc3581736,,03a51924-1606-47c9-838d-9dc32657cd59,0.00,,pending,,2025-06-18 00:27:24.108758+00,2025-06-18 00:27:24.108758+00,,,,AUD,Unpaid,,,4dc40f4f-0968-4620-bd1c-33d4cbe01b7f,fd12d7f0-f346-49bf-b1eb-0682ad226216,,,false,,,
06aadfbb-6c89-4c12-b047-5b3373c15db6,,03a51924-1606-47c9-838d-9dc32657cd59,0.00,,pending,,2025-06-18 01:45:13.354165+00,2025-06-18 01:45:13.354165+00,,,,AUD,Unpaid,,,d015825f-5874-459d-965d-40d6d2bdd0a8,fd12d7f0-f346-49bf-b1eb-0682ad226216,,,false,,,
c0440d40-9789-4010-b08b-d48a782acca1,,03a51924-1606-47c9-838d-9dc32657cd59,0.00,,pending,,2025-06-18 06:42:24.292071+00,2025-06-18 06:42:24.292071+00,,,,AUD,Unpaid,,,92d8d83d-cc7a-4b7d-87de-8f745474b55b,fd12d7f0-f346-49bf-b1eb-0682ad226216,,,false,,,
dec6676e-824f-4cd1-9306-bc597c5127de,,03a51924-1606-47c9-838d-9dc32657cd59,0.00,,pending,,2025-06-18 06:42:24.292071+00,2025-06-18 06:42:24.292071+00,,,,AUD,Unpaid,,,92d8d83d-cc7a-4b7d-87de-8f745474b55b,fd12d7f0-f346-49bf-b1eb-0682ad226216,,,false,,,
3684603b-cf68-4780-9204-bbfa00b35f81,,03a51924-1606-47c9-838d-9dc32657cd59,0.00,,pending,,2025-06-18 10:56:29.647464+00,2025-06-18 10:56:29.647464+00,,,,AUD,Unpaid,,,533f4153-ab85-4552-a372-2d71fc42e546,fd12d7f0-f346-49bf-b1eb-0682ad226216,,,false,,,
6a513edf-3ac9-4921-a0a0-395fbf16fef9,,03a51924-1606-47c9-838d-9dc32657cd59,0.00,,pending,,2025-06-19 23:10:45.504286+00,2025-06-19 23:10:45.504286+00,,,,AUD,Unpaid,,,29530f4b-a910-46e7-b4e8-219e164e152c,fd12d7f0-f346-49bf-b1eb-0682ad226216,,,false,,,
7567c0da-bc4f-41d6-93b5-4d0e583ed926,,03a51924-1606-47c9-838d-9dc32657cd59,0.00,,pending,,2025-06-19 23:22:29.722376+00,2025-06-19 23:22:29.722376+00,,,,AUD,Unpaid,,,ddda3654-b0c0-40ee-93a2-ab06dfc0c17f,fd12d7f0-f346-49bf-b1eb-0682ad226216,,,false,,,
bac57577-d0a9-47e2-b47e-bffd95873bc5,,03a51924-1606-47c9-838d-9dc32657cd59,0.00,,pending,,2025-06-19 23:22:29.722376+00,2025-06-19 23:22:29.722376+00,,,,AUD,Unpaid,,,ddda3654-b0c0-40ee-93a2-ab06dfc0c17f,fd12d7f0-f346-49bf-b1eb-0682ad226216,,,false,,,
6c06787f-6603-4060-bf92-100f905e60a5,,03a51924-1606-47c9-838d-9dc32657cd59,0.00,,pending,,2025-06-20 04:19:14.418396+00,2025-06-20 04:19:14.418396+00,,,,AUD,Unpaid,,,21116c31-aefa-471d-9327-c97c196c9c70,fd12d7f0-f346-49bf-b1eb-0682ad226216,,,false,,,
5f53ef6a-151d-4946-a38e-9c83213790c4,,03a51924-1606-47c9-838d-9dc32657cd59,0.00,,pending,,2025-06-21 01:01:23.916874+00,2025-06-21 01:01:23.916874+00,,,,AUD,Unpaid,,,b64ddc39-a321-4fc3-ac03-1e2264836527,fd12d7f0-f346-49bf-b1eb-0682ad226216,,,false,,,
92e15b55-4210-4e86-9e9d-0435d2479c42,,03a51924-1606-47c9-838d-9dc32657cd59,0.00,,pending,,2025-06-21 01:01:23.916874+00,2025-06-21 01:01:23.916874+00,,,,AUD,Unpaid,,,b64ddc39-a321-4fc3-ac03-1e2264836527,fd12d7f0-f346-49bf-b1eb-0682ad226216,,,false,,,
e3246c4c-c3f2-458a-b0b8-bc7d85cb25cf,,03a51924-1606-47c9-838d-9dc32657cd59,0.00,,pending,,2025-06-21 01:47:44.193496+00,2025-06-21 01:47:44.193496+00,,,,AUD,Unpaid,,,934a1c3b-4e15-488b-8e4f-019efab05178,fd12d7f0-f346-49bf-b1eb-0682ad226216,,,false,,,
7ef2cabb-69bf-4af9-8225-2582fccb2d43,,03a51924-1606-47c9-838d-9dc32657cd59,0.00,,pending,,2025-06-21 01:47:44.193496+00,2025-06-21 01:47:44.193496+00,,,,AUD,Unpaid,,,934a1c3b-4e15-488b-8e4f-019efab05178,fd12d7f0-f346-49bf-b1eb-0682ad226216,,,false,,,
8827b481-7749-4070-bde5-e07456e1b6b8,,03a51924-1606-47c9-838d-9dc32657cd59,0.00,,pending,,2025-06-22 07:22:13.868954+00,2025-06-22 07:22:13.868954+00,,,,AUD,Unpaid,,,e8d27b17-9e6d-4682-86b4-ebdc5b44c7f7,fd12d7f0-f346-49bf-b1eb-0682ad226216,,,false,,,
5a6abd89-b506-46ae-8320-bbb474763411,,03a51924-1606-47c9-838d-9dc32657cd59,0.00,,pending,,2025-06-22 07:22:13.868954+00,2025-06-22 07:22:13.868954+00,,,,AUD,Unpaid,,,e8d27b17-9e6d-4682-86b4-ebdc5b44c7f7,fd12d7f0-f346-49bf-b1eb-0682ad226216,,,false,,,
b8bb8ee0-0a6a-41f8-bd4e-0332c79adbdf,,03a51924-1606-47c9-838d-9dc32657cd59,0.00,,pending,,2025-06-23 00:48:50.427646+00,2025-06-23 00:48:50.427646+00,,,,AUD,Unpaid,,,3fa1b373-cba2-4080-ab20-ecdcf008b382,fd12d7f0-f346-49bf-b1eb-0682ad226216,,,false,,,
2450c9b4-87df-41b9-88a0-7d4f91bd8ffa,,03a51924-1606-47c9-838d-9dc32657cd59,0.00,,pending,,2025-06-23 06:21:25.917763+00,2025-06-23 06:21:25.917763+00,,,,AUD,Unpaid,,,842c625b-7cfd-4e7f-a661-5d92955f792f,fd12d7f0-f346-49bf-b1eb-0682ad226216,,,false,,,
8396022b-ef82-41a6-991f-366e01563d59,,03a51924-1606-47c9-838d-9dc32657cd59,0.00,,pending,,2025-06-23 07:59:44.14415+00,2025-06-23 07:59:44.14415+00,,,,AUD,Unpaid,,,68e99183-46fe-48e1-9e90-4e580f53ce0d,fd12d7f0-f346-49bf-b1eb-0682ad226216,,,false,,,
9545ae9d-f82a-4dd3-946c-d89d0293dfcf,,03a51924-1606-47c9-838d-9dc32657cd59,0.00,,pending,,2025-06-23 07:59:44.14415+00,2025-06-23 07:59:44.14415+00,,,,AUD,Unpaid,,,68e99183-46fe-48e1-9e90-4e580f53ce0d,fd12d7f0-f346-49bf-b1eb-0682ad226216,,,false,,,
1a79aaf7-5601-4c5e-84f9-ec22b0b61307,,03a51924-1606-47c9-838d-9dc32657cd59,0.00,,pending,,2025-06-23 07:59:44.14415+00,2025-06-23 07:59:44.14415+00,,,,AUD,Unpaid,,,68e99183-46fe-48e1-9e90-4e580f53ce0d,fd12d7f0-f346-49bf-b1eb-0682ad226216,,,false,,,
29b2439f-4673-45d4-9844-d971c4de1079,,03a51924-1606-47c9-838d-9dc32657cd59,0.00,,pending,,2025-06-23 07:59:44.14415+00,2025-06-23 07:59:44.14415+00,,,,AUD,Unpaid,,,68e99183-46fe-48e1-9e90-4e580f53ce0d,fd12d7f0-f346-49bf-b1eb-0682ad226216,,,false,,,
3b61d93f-c4d4-491f-8f12-95a77d47dc41,,03a51924-1606-47c9-838d-9dc32657cd59,0.00,,pending,,2025-06-23 07:59:44.14415+00,2025-06-23 07:59:44.14415+00,,,,AUD,Unpaid,,,68e99183-46fe-48e1-9e90-4e580f53ce0d,fd12d7f0-f346-49bf-b1eb-0682ad226216,,,false,,,
8b42c598-3681-42fd-87b0-cb2ba41f65cb,,03a51924-1606-47c9-838d-9dc32657cd59,0.00,,pending,,2025-06-23 07:59:44.14415+00,2025-06-23 07:59:44.14415+00,,,,AUD,Unpaid,,,68e99183-46fe-48e1-9e90-4e580f53ce0d,fd12d7f0-f346-49bf-b1eb-0682ad226216,,,false,,,
3d120f87-0ff7-4e2b-89ee-dacdfd5893a8,,03a51924-1606-47c9-838d-9dc32657cd59,0.00,,pending,,2025-06-23 07:59:44.14415+00,2025-06-23 07:59:44.14415+00,,,,AUD,Unpaid,,,68e99183-46fe-48e1-9e90-4e580f53ce0d,fd12d7f0-f346-49bf-b1eb-0682ad226216,,,false,,,
92470f48-f513-4c1e-a7a5-1669a2773d29,,03a51924-1606-47c9-838d-9dc32657cd59,0.00,,pending,,2025-06-23 07:59:44.14415+00,2025-06-23 07:59:44.14415+00,,,,AUD,Unpaid,,,68e99183-46fe-48e1-9e90-4e580f53ce0d,fd12d7f0-f346-49bf-b1eb-0682ad226216,,,false,,,
477554cd-148a-4450-84ec-f7070a2906be,,03a51924-1606-47c9-838d-9dc32657cd59,0.00,,pending,,2025-06-23 07:59:44.14415+00,2025-06-23 07:59:44.14415+00,,,,AUD,Unpaid,,,68e99183-46fe-48e1-9e90-4e580f53ce0d,fd12d7f0-f346-49bf-b1eb-0682ad226216,,,false,,,
9731cf3e-a444-4127-bac2-c86b0fc9ad7e,,03a51924-1606-47c9-838d-9dc32657cd59,0.00,,pending,,2025-06-23 07:59:44.14415+00,2025-06-23 07:59:44.14415+00,,,,AUD,Unpaid,,,68e99183-46fe-48e1-9e90-4e580f53ce0d,fd12d7f0-f346-49bf-b1eb-0682ad226216,,,false,,,
19b9b71f-71f6-454e-a580-5f240e922631,,03a51924-1606-47c9-838d-9dc32657cd59,0.00,,pending,,2025-06-23 08:21:11.992371+00,2025-06-23 08:21:11.992371+00,,,,AUD,Unpaid,,,600237d1-9976-47a8-bebb-e78592dd3f6e,fd12d7f0-f346-49bf-b1eb-0682ad226216,,,false,,,
7f1378d6-35ba-45d9-9d4b-2929483d6f39,,03a51924-1606-47c9-838d-9dc32657cd59,0.00,,pending,,2025-06-23 08:21:11.992371+00,2025-06-23 08:21:11.992371+00,,,,AUD,Unpaid,,,600237d1-9976-47a8-bebb-e78592dd3f6e,fd12d7f0-f346-49bf-b1eb-0682ad226216,,,false,,,
c56253b5-94d5-49d5-a8c9-f9e63e2c7ad4,,03a51924-1606-47c9-838d-9dc32657cd59,0.00,,pending,,2025-06-23 08:21:11.992371+00,2025-06-23 08:21:11.992371+00,,,,AUD,Unpaid,,,600237d1-9976-47a8-bebb-e78592dd3f6e,fd12d7f0-f346-49bf-b1eb-0682ad226216,,,false,,,
32fd96ac-b3e9-4d98-8a37-0de34b3ccb97,,03a51924-1606-47c9-838d-9dc32657cd59,0.00,,pending,,2025-06-23 08:21:11.992371+00,2025-06-23 08:21:11.992371+00,,,,AUD,Unpaid,,,600237d1-9976-47a8-bebb-e78592dd3f6e,fd12d7f0-f346-49bf-b1eb-0682ad226216,,,false,,,
38e19cd5-23a6-4dc2-ae88-386d1ed7d764,,03a51924-1606-47c9-838d-9dc32657cd59,0.00,,pending,,2025-06-23 08:21:11.992371+00,2025-06-23 08:21:11.992371+00,,,,AUD,Unpaid,,,600237d1-9976-47a8-bebb-e78592dd3f6e,fd12d7f0-f346-49bf-b1eb-0682ad226216,,,false,,,
62c3ca83-bb2f-452e-aeb7-4d1f472dc230,,03a51924-1606-47c9-838d-9dc32657cd59,0.00,,pending,,2025-06-23 08:21:11.992371+00,2025-06-23 08:21:11.992371+00,,,,AUD,Unpaid,,,600237d1-9976-47a8-bebb-e78592dd3f6e,fd12d7f0-f346-49bf-b1eb-0682ad226216,,,false,,,
d24b06e8-5439-4265-abd5-d69360c7965b,,03a51924-1606-47c9-838d-9dc32657cd59,0.00,,pending,,2025-06-23 08:21:11.992371+00,2025-06-23 08:21:11.992371+00,,,,AUD,Unpaid,,,600237d1-9976-47a8-bebb-e78592dd3f6e,fd12d7f0-f346-49bf-b1eb-0682ad226216,,,false,,,
4286d3d4-9b3c-4624-ba6d-b6141036af1d,,03a51924-1606-47c9-838d-9dc32657cd59,0.00,,pending,,2025-06-23 08:21:11.992371+00,2025-06-23 08:21:11.992371+00,,,,AUD,Unpaid,,,600237d1-9976-47a8-bebb-e78592dd3f6e,fd12d7f0-f346-49bf-b1eb-0682ad226216,,,false,,,
8164ab8f-e3ab-4923-8316-fef2e61b415a,,03a51924-1606-47c9-838d-9dc32657cd59,0.00,,pending,,2025-06-23 08:21:11.992371+00,2025-06-23 08:21:11.992371+00,,,,AUD,Unpaid,,,600237d1-9976-47a8-bebb-e78592dd3f6e,fd12d7f0-f346-49bf-b1eb-0682ad226216,,,false,,,
dd3c283d-4c52-44f0-89c5-0c47a4eb900e,,03a51924-1606-47c9-838d-9dc32657cd59,0.00,,pending,,2025-06-23 08:21:11.992371+00,2025-06-23 08:21:11.992371+00,,,,AUD,Unpaid,,,600237d1-9976-47a8-bebb-e78592dd3f6e,fd12d7f0-f346-49bf-b1eb-0682ad226216,,,false,,,
2f78a9f4-4f09-4256-adc8-a185ec96f1c8,5c359055-46dd-44af-8b12-54f5ffa38897,567fa008-40de-4f87-89f5-900933f898b2,0.00,,Active,,2025-06-07 15:33:14.086772+00,2025-06-07 15:33:14.086772+00,,,0.00,AUD,Unpaid,,,90fa5fed-7798-4e2f-9b13-521ddcfea8c6,,,,false,,,
9cbed234-edf1-4b84-8a0f-54babf564ffe,895ebf19-d25a-4abd-8200-f01ca6059c8e,567fa008-40de-4f87-89f5-900933f898b2,0.00,,Active,,2025-06-07 15:33:14.086772+00,2025-06-07 15:33:14.086772+00,,,0.00,AUD,Unpaid,,,90fa5fed-7798-4e2f-9b13-521ddcfea8c6,,,,false,,,
e1441202-8274-4c8f-9c9b-05739da3b3bd,8071ea4a-8e7c-45af-a4b8-86bfaaf7ac06,567fa008-40de-4f87-89f5-900933f898b2,0.00,,Active,,2025-06-08 19:37:22.974126+00,2025-06-08 19:37:22.974126+00,,,0.00,AUD,Unpaid,,,43f3fa8b-e605-44cf-af81-d4250eaa276f,,,,false,,,
39c14030-c4ab-4aa1-be0e-2674d167692e,,567fa008-40de-4f87-89f5-900933f898b2,0.00,,pending,,2025-06-13 02:19:56.707201+00,2025-06-13 02:19:56.707201+00,,,,AUD,Unpaid,,,9702da19-deb6-465e-b3e5-b0aed0894eb6,bce41292-3662-44a7-85da-eeb1a1e89d8a,,,false,,,
95130abc-3706-49cc-997d-4c9f02114f65,,567fa008-40de-4f87-89f5-900933f898b2,0.00,,pending,,2025-06-13 03:27:24.59918+00,2025-06-13 03:27:24.59918+00,,,,AUD,Unpaid,,,8c777977-6d79-4bfa-9b7e-c1eeff658785,bce41292-3662-44a7-85da-eeb1a1e89d8a,,,false,,,
16187e9d-9a58-4f67-89b8-50d1921ac2c5,,567fa008-40de-4f87-89f5-900933f898b2,0.00,,pending,,2025-06-15 04:34:17.921564+00,2025-06-15 04:34:17.921564+00,,,,AUD,Unpaid,,,7614f44f-66e7-4e2e-a542-7e7f75ddfc8f,bce41292-3662-44a7-85da-eeb1a1e89d8a,,,false,,,
f09ecf51-5f96-49c8-b80f-92a7c6325f29,,567fa008-40de-4f87-89f5-900933f898b2,0.00,,pending,,2025-06-17 06:33:46.350021+00,2025-06-17 06:33:46.350021+00,,,,AUD,Unpaid,,,16d5b9c2-46fe-4959-989a-b761c6c3c4d5,bce41292-3662-44a7-85da-eeb1a1e89d8a,,,false,,,
8c9aba0d-627a-4dd3-89d9-4713dc21dde0,,567fa008-40de-4f87-89f5-900933f898b2,0.00,,pending,,2025-06-18 00:16:01.252222+00,2025-06-18 00:16:01.252222+00,,,,AUD,Unpaid,,,11e5d2aa-9054-485b-8dcd-bd248bb93464,bce41292-3662-44a7-85da-eeb1a1e89d8a,,,false,,,
728cb73c-d835-4242-b49b-5150a2efa1c7,,567fa008-40de-4f87-89f5-900933f898b2,0.00,,pending,,2025-06-18 00:16:01.252222+00,2025-06-18 00:16:01.252222+00,,,,AUD,Unpaid,,,11e5d2aa-9054-485b-8dcd-bd248bb93464,bce41292-3662-44a7-85da-eeb1a1e89d8a,,,false,,,
9f694205-5e7e-4daf-9956-59d5a33cfb95,,567fa008-40de-4f87-89f5-900933f898b2,0.00,,pending,,2025-06-18 06:42:24.292071+00,2025-06-18 06:42:24.292071+00,,,,AUD,Unpaid,,,92d8d83d-cc7a-4b7d-87de-8f745474b55b,bce41292-3662-44a7-85da-eeb1a1e89d8a,,,false,,,
5ed46be9-6fb1-4949-8c62-4b79825d2e89,,567fa008-40de-4f87-89f5-900933f898b2,0.00,,pending,,2025-06-18 06:42:24.292071+00,2025-06-18 06:42:24.292071+00,,,,AUD,Unpaid,,,92d8d83d-cc7a-4b7d-87de-8f745474b55b,bce41292-3662-44a7-85da-eeb1a1e89d8a,,,false,,,
9b6beb09-f398-4f55-93a0-89579aa8d2bb,,567fa008-40de-4f87-89f5-900933f898b2,0.00,,pending,,2025-06-19 23:22:29.722376+00,2025-06-19 23:22:29.722376+00,,,,AUD,Unpaid,,,ddda3654-b0c0-40ee-93a2-ab06dfc0c17f,bce41292-3662-44a7-85da-eeb1a1e89d8a,,,false,,,
c108afee-6902-454d-8a8e-5e646bd401d5,,567fa008-40de-4f87-89f5-900933f898b2,0.00,,pending,,2025-06-19 23:22:29.722376+00,2025-06-19 23:22:29.722376+00,,,,AUD,Unpaid,,,ddda3654-b0c0-40ee-93a2-ab06dfc0c17f,bce41292-3662-44a7-85da-eeb1a1e89d8a,,,false,,,
f656272b-9c9b-4587-a1e9-b455f1111ce2,,567fa008-40de-4f87-89f5-900933f898b2,0.00,,pending,,2025-06-20 04:19:14.418396+00,2025-06-20 04:19:14.418396+00,,,,AUD,Unpaid,,,21116c31-aefa-471d-9327-c97c196c9c70,bce41292-3662-44a7-85da-eeb1a1e89d8a,,,false,,,
1ece5c68-cdfa-4ac8-b800-504bec68d57e,,567fa008-40de-4f87-89f5-900933f898b2,0.00,,pending,,2025-06-23 00:48:50.427646+00,2025-06-23 00:48:50.427646+00,,,,AUD,Unpaid,,,3fa1b373-cba2-4080-ab20-ecdcf008b382,bce41292-3662-44a7-85da-eeb1a1e89d8a,,,false,,,
ecdc07f0-6dbf-436d-bb6a-0753a327e82c,,567fa008-40de-4f87-89f5-900933f898b2,0.00,,pending,,2025-06-23 07:59:44.14415+00,2025-06-23 07:59:44.14415+00,,,,AUD,Unpaid,,,68e99183-46fe-48e1-9e90-4e580f53ce0d,bce41292-3662-44a7-85da-eeb1a1e89d8a,,,false,,,
76970158-bbf9-4d15-8829-376c7575f0b9,,567fa008-40de-4f87-89f5-900933f898b2,0.00,,pending,,2025-06-23 07:59:44.14415+00,2025-06-23 07:59:44.14415+00,,,,AUD,Unpaid,,,68e99183-46fe-48e1-9e90-4e580f53ce0d,bce41292-3662-44a7-85da-eeb1a1e89d8a,,,false,,,
4008048b-3f59-4f50-a105-ad79a592633b,,567fa008-40de-4f87-89f5-900933f898b2,0.00,,pending,,2025-06-23 07:59:44.14415+00,2025-06-23 07:59:44.14415+00,,,,AUD,Unpaid,,,68e99183-46fe-48e1-9e90-4e580f53ce0d,bce41292-3662-44a7-85da-eeb1a1e89d8a,,,false,,,
79561675-8d84-4376-9039-810b2b3a6fd0,,567fa008-40de-4f87-89f5-900933f898b2,0.00,,pending,,2025-06-23 07:59:44.14415+00,2025-06-23 07:59:44.14415+00,,,,AUD,Unpaid,,,68e99183-46fe-48e1-9e90-4e580f53ce0d,bce41292-3662-44a7-85da-eeb1a1e89d8a,,,false,,,
5cb3c7fe-6702-4dd5-9869-f70a2e94045b,,567fa008-40de-4f87-89f5-900933f898b2,0.00,,pending,,2025-06-23 07:59:44.14415+00,2025-06-23 07:59:44.14415+00,,,,AUD,Unpaid,,,68e99183-46fe-48e1-9e90-4e580f53ce0d,bce41292-3662-44a7-85da-eeb1a1e89d8a,,,false,,,
f560a0a9-b0ff-4c7d-85f1-791f8c7d78b4,,567fa008-40de-4f87-89f5-900933f898b2,0.00,,pending,,2025-06-23 07:59:44.14415+00,2025-06-23 07:59:44.14415+00,,,,AUD,Unpaid,,,68e99183-46fe-48e1-9e90-4e580f53ce0d,bce41292-3662-44a7-85da-eeb1a1e89d8a,,,false,,,
591e9dff-a15f-49b0-9dd3-ea699b863c32,,567fa008-40de-4f87-89f5-900933f898b2,0.00,,pending,,2025-06-23 07:59:44.14415+00,2025-06-23 07:59:44.14415+00,,,,AUD,Unpaid,,,68e99183-46fe-48e1-9e90-4e580f53ce0d,bce41292-3662-44a7-85da-eeb1a1e89d8a,,,false,,,
3d1ef3a2-517d-491e-9b9e-5c01089483bb,,567fa008-40de-4f87-89f5-900933f898b2,0.00,,pending,,2025-06-23 07:59:44.14415+00,2025-06-23 07:59:44.14415+00,,,,AUD,Unpaid,,,68e99183-46fe-48e1-9e90-4e580f53ce0d,bce41292-3662-44a7-85da-eeb1a1e89d8a,,,false,,,
41f15647-30ed-4917-878d-6c6b0df29487,,567fa008-40de-4f87-89f5-900933f898b2,0.00,,pending,,2025-06-23 08:21:11.992371+00,2025-06-23 08:21:11.992371+00,,,,AUD,Unpaid,,,600237d1-9976-47a8-bebb-e78592dd3f6e,bce41292-3662-44a7-85da-eeb1a1e89d8a,,,false,,,
8c147229-e128-4d11-bafa-f5c365e5b8b2,,567fa008-40de-4f87-89f5-900933f898b2,0.00,,pending,,2025-06-23 08:21:11.992371+00,2025-06-23 08:21:11.992371+00,,,,AUD,Unpaid,,,600237d1-9976-47a8-bebb-e78592dd3f6e,bce41292-3662-44a7-85da-eeb1a1e89d8a,,,false,,,
bdba7270-f972-43e6-9614-12a982a17da1,,567fa008-40de-4f87-89f5-900933f898b2,0.00,,pending,,2025-06-23 08:21:11.992371+00,2025-06-23 08:21:11.992371+00,,,,AUD,Unpaid,,,600237d1-9976-47a8-bebb-e78592dd3f6e,bce41292-3662-44a7-85da-eeb1a1e89d8a,,,false,,,
063c693b-ec40-4ebc-ab7f-b0e92b075de2,,567fa008-40de-4f87-89f5-900933f898b2,0.00,,pending,,2025-06-23 08:21:11.992371+00,2025-06-23 08:21:11.992371+00,,,,AUD,Unpaid,,,600237d1-9976-47a8-bebb-e78592dd3f6e,bce41292-3662-44a7-85da-eeb1a1e89d8a,,,false,,,
986ca7ed-ee1a-46cc-b55e-d5aab91cd80b,,567fa008-40de-4f87-89f5-900933f898b2,0.00,,pending,,2025-06-23 08:21:11.992371+00,2025-06-23 08:21:11.992371+00,,,,AUD,Unpaid,,,600237d1-9976-47a8-bebb-e78592dd3f6e,bce41292-3662-44a7-85da-eeb1a1e89d8a,,,false,,,
9c5c9b9b-f3f1-4512-b355-43bbd77838dc,,567fa008-40de-4f87-89f5-900933f898b2,0.00,,pending,,2025-06-23 08:21:11.992371+00,2025-06-23 08:21:11.992371+00,,,,AUD,Unpaid,,,600237d1-9976-47a8-bebb-e78592dd3f6e,bce41292-3662-44a7-85da-eeb1a1e89d8a,,,false,,,
612398b6-234c-4014-b35a-a59e64ffe1df,,567fa008-40de-4f87-89f5-900933f898b2,0.00,,pending,,2025-06-23 08:21:11.992371+00,2025-06-23 08:21:11.992371+00,,,,AUD,Unpaid,,,600237d1-9976-47a8-bebb-e78592dd3f6e,bce41292-3662-44a7-85da-eeb1a1e89d8a,,,false,,,
975e0dfd-0807-4ddc-8247-2e6361970edb,,567fa008-40de-4f87-89f5-900933f898b2,0.00,,pending,,2025-06-23 08:21:11.992371+00,2025-06-23 08:21:11.992371+00,,,,AUD,Unpaid,,,600237d1-9976-47a8-bebb-e78592dd3f6e,bce41292-3662-44a7-85da-eeb1a1e89d8a,,,false,,,
0e0780a2-288b-4455-9f44-71c9f50be09c,e19f4822-48ba-4281-84ac-c4a29148b3a7,6c12952b-7cf3-4d6a-81bd-1ac3b7ff7076,0.00,,Active,,2025-06-07 22:35:52.375445+00,2025-06-07 22:35:52.375445+00,,,0.00,AUD,Unpaid,,,b49542ec-cbf2-43fe-95bb-b93edcd466f2,,,,false,,,
84c1faa6-4a29-4cea-8b93-e2bd762b3875,9cbe4be6-0bc4-4237-badf-db9ab3cb5655,6c12952b-7cf3-4d6a-81bd-1ac3b7ff7076,0.00,,Active,,2025-06-07 22:35:52.375445+00,2025-06-07 22:35:52.375445+00,,,0.00,AUD,Unpaid,,,b49542ec-cbf2-43fe-95bb-b93edcd466f2,,,,false,,,
d75e61e8-ac0d-487a-bdce-37951123a30b,5c359055-46dd-44af-8b12-54f5ffa38897,6c12952b-7cf3-4d6a-81bd-1ac3b7ff7076,0.00,,Active,,2025-06-07 15:33:14.086772+00,2025-06-07 15:33:14.086772+00,,,0.00,AUD,Unpaid,,,90fa5fed-7798-4e2f-9b13-521ddcfea8c6,,,,false,,,
b7a49567-ec8d-4b51-8bce-6ab378af984e,895ebf19-d25a-4abd-8200-f01ca6059c8e,6c12952b-7cf3-4d6a-81bd-1ac3b7ff7076,0.00,,Active,,2025-06-07 15:33:14.086772+00,2025-06-07 15:33:14.086772+00,,,0.00,AUD,Unpaid,,,90fa5fed-7798-4e2f-9b13-521ddcfea8c6,,,,false,,,
f1bb1f83-056e-4a15-9ab7-ba2a7c584064,208bdc3f-d170-43f4-bc4e-a83800a25246,6c12952b-7cf3-4d6a-81bd-1ac3b7ff7076,0.00,,Active,,2025-06-07 22:35:52.375445+00,2025-06-07 22:35:52.375445+00,,,0.00,AUD,Unpaid,,,b49542ec-cbf2-43fe-95bb-b93edcd466f2,,,,false,,,
adef707d-7aab-4263-aa0b-ecf5eb980557,64c9e52c-bf27-4d74-be08-0fb4be30ca43,6c12952b-7cf3-4d6a-81bd-1ac3b7ff7076,0.00,,Active,,2025-06-07 22:35:52.375445+00,2025-06-07 22:35:52.375445+00,,,0.00,AUD,Unpaid,,,b49542ec-cbf2-43fe-95bb-b93edcd466f2,,,,false,,,
1eb1d863-55bb-436c-95a1-4e04d7e7b067,057687a9-cd13-4bfd-b375-5998d1dbbf20,6c12952b-7cf3-4d6a-81bd-1ac3b7ff7076,0.00,,Active,,2025-06-08 08:38:57.545773+00,2025-06-08 08:38:57.545773+00,,,0.00,AUD,Unpaid,,,471a1d79-3b3e-4f51-820e-ce7c8d8c82d7,,,,false,,,
9b330294-7bdf-4da4-8e1b-129fc709d8d5,4b190541-629b-4686-b54f-b8600eac3d76,6c12952b-7cf3-4d6a-81bd-1ac3b7ff7076,0.00,,Active,,2025-06-08 08:38:57.545773+00,2025-06-08 08:38:57.545773+00,,,0.00,AUD,Unpaid,,,471a1d79-3b3e-4f51-820e-ce7c8d8c82d7,,,,false,,,
04da9a2c-1d6a-4188-a1fe-e54e9c98d075,572ef766-7e0b-4f5d-a107-b91ab59a19fd,6c12952b-7cf3-4d6a-81bd-1ac3b7ff7076,0.00,,Active,,2025-06-09 07:50:23.22061+00,2025-06-09 07:50:23.22061+00,,,0.00,AUD,Unpaid,,,016c35f4-69d8-4a03-8eaf-98f568f53aef,,,,false,,,
08b5d7d0-3479-4100-a1a2-a7ecab1a2e66,e25da6ba-3d00-4b28-bce3-0bc5c128a8d5,6c12952b-7cf3-4d6a-81bd-1ac3b7ff7076,0.00,,Active,,2025-06-09 08:52:36.873199+00,2025-06-09 08:52:36.873199+00,,,0.00,AUD,Unpaid,,,b509f98e-6270-4666-89fe-d9776f73c331,,,,false,,,
034ff07a-0fe3-400d-8d70-50b1516e14f5,b96b4d8d-6deb-4035-b2ed-3e04ffc45a3c,6c12952b-7cf3-4d6a-81bd-1ac3b7ff7076,0.00,,Active,,2025-06-09 08:52:36.873199+00,2025-06-09 08:52:36.873199+00,,,0.00,AUD,Unpaid,,,b509f98e-6270-4666-89fe-d9776f73c331,,,,false,,,
2483fec2-b33b-4597-92ef-ce3d8e4dcf2c,4016ea6c-026c-4d18-a305-ac202eb6b61a,6c12952b-7cf3-4d6a-81bd-1ac3b7ff7076,0.00,,Active,,2025-06-10 01:00:51.333534+00,2025-06-10 01:00:51.333534+00,,,0.00,AUD,Unpaid,,,d6602998-8d2a-465a-9f13-66f2e6e011e0,,,,false,,,
9a02408a-48ae-459a-8b5c-0219b1460689,36f021b7-3ca4-4e25-86f0-86dee051b812,6c12952b-7cf3-4d6a-81bd-1ac3b7ff7076,0.00,,Active,,2025-06-10 01:00:51.333534+00,2025-06-10 01:00:51.333534+00,,,0.00,AUD,Unpaid,,,d6602998-8d2a-465a-9f13-66f2e6e011e0,,,,false,,,
db875adf-b0a6-4266-8c66-76f86f97c62f,2b7985df-7fa7-441a-9d30-cd74973cb1b5,6c12952b-7cf3-4d6a-81bd-1ac3b7ff7076,0.00,,Active,,2025-06-10 01:12:40.019729+00,2025-06-10 01:12:40.019729+00,,,0.00,AUD,Unpaid,,,13ce226e-c9c8-4fa3-a18f-ef33ebb03f4c,,,,false,,,
79f09725-e3b6-451d-9039-9039b6a40223,aaa5fa68-6aac-46a9-a668-2ca1b4d9c21e,6c12952b-7cf3-4d6a-81bd-1ac3b7ff7076,0.00,,Active,,2025-06-10 01:12:40.019729+00,2025-06-10 01:12:40.019729+00,,,0.00,AUD,Unpaid,,,13ce226e-c9c8-4fa3-a18f-ef33ebb03f4c,,,,false,,,
f1ac0193-aa9d-4b33-bb50-130f218d2dd1,980d852f-12da-4dd8-964c-a01f03458921,6c12952b-7cf3-4d6a-81bd-1ac3b7ff7076,0.00,,Active,,2025-06-10 01:14:55.093572+00,2025-06-10 01:14:55.093572+00,,,0.00,AUD,Unpaid,,,37c0eb25-0691-45ef-9c01-12bb75b845e0,,,,false,,,
548cb241-0545-4c9e-8357-12ceb2390936,0b19cbf0-078a-4e91-b035-55002056e8ff,6c12952b-7cf3-4d6a-81bd-1ac3b7ff7076,0.00,,Active,,2025-06-10 01:14:55.093572+00,2025-06-10 01:14:55.093572+00,,,0.00,AUD,Unpaid,,,37c0eb25-0691-45ef-9c01-12bb75b845e0,,,,false,,,
7e2c6b26-2313-437a-a96a-534b9420094e,34405e1c-a8cf-4dd3-a663-91e4675d1302,6c12952b-7cf3-4d6a-81bd-1ac3b7ff7076,0.00,,Active,,2025-06-10 01:38:29.630478+00,2025-06-10 01:38:29.630478+00,,,0.00,AUD,Unpaid,,,3440c561-1a8f-4489-b3a8-380132cbc4c4,,,,false,,,
c429e6ea-ad76-4d54-bd03-d4c697f486c5,059de79a-f0fb-4d56-946a-5a492ae530ae,6c12952b-7cf3-4d6a-81bd-1ac3b7ff7076,0.00,,Active,,2025-06-10 01:38:29.630478+00,2025-06-10 01:38:29.630478+00,,,0.00,AUD,Unpaid,,,3440c561-1a8f-4489-b3a8-380132cbc4c4,,,,false,,,
10dde0af-f12c-4a5b-8d44-b7c1aac1279c,a04e5d5e-eb40-404d-be33-a77f1e6a82f7,6c12952b-7cf3-4d6a-81bd-1ac3b7ff7076,0.00,,Active,,2025-06-10 01:40:13.620563+00,2025-06-10 01:40:13.620563+00,,,0.00,AUD,Unpaid,,,ed200d3e-6355-468c-9535-9b1f4ae2c002,,,,false,,,
4711fc51-83bb-402a-acac-04e643b41843,85c73b57-7124-4eeb-ae31-c8b558eee636,6c12952b-7cf3-4d6a-81bd-1ac3b7ff7076,0.00,,Active,,2025-06-10 01:40:13.620563+00,2025-06-10 01:40:13.620563+00,,,0.00,AUD,Unpaid,,,ed200d3e-6355-468c-9535-9b1f4ae2c002,,,,false,,,
35fa3b02-6714-4b15-986b-c76f78483cb0,09661dea-4acf-4f35-a9a3-1f57e786ac1b,6c12952b-7cf3-4d6a-81bd-1ac3b7ff7076,0.00,,Active,,2025-06-10 03:53:38.073448+00,2025-06-10 03:53:38.073448+00,,,0.00,AUD,Unpaid,,,691bbbe7-cb53-4350-99a6-e9554bf59fd9,,,,false,,,
35d7e0cc-361f-4301-b605-0eaf81aa8a07,50a7a090-187e-4daa-a2c4-4ab43c579fa8,6c12952b-7cf3-4d6a-81bd-1ac3b7ff7076,0.00,,Active,,2025-06-10 06:38:48.275737+00,2025-06-10 06:38:48.275737+00,,,0.00,AUD,Unpaid,,,99b62c5b-2d48-406a-ae48-168f193d4be4,,,,false,,,
88f5c592-96c5-4a50-9a61-160a26b20573,1636054c-933f-4668-8634-912934ab0a5b,6c12952b-7cf3-4d6a-81bd-1ac3b7ff7076,0.00,,Active,,2025-06-10 08:11:07.489846+00,2025-06-10 08:11:07.489846+00,,,0.00,AUD,Unpaid,,,a33c5107-9221-49ee-8bff-b289b452e784,,,,false,,,
ca2e630c-5b5b-4326-adf5-c73d13168abc,5c9e9397-f19c-499a-ab7d-9f906fe11934,6c12952b-7cf3-4d6a-81bd-1ac3b7ff7076,0.00,,Active,,2025-06-10 08:47:47.486704+00,2025-06-10 08:47:47.486704+00,,,0.00,AUD,Unpaid,,,222ddcc8-4f1a-4301-9e44-18a89770e1ed,,,,false,,,
d248c6db-b49d-4115-bd24-f5f8c5b43290,0da5257c-e89e-4c5c-af0b-787b9d6d8875,6c12952b-7cf3-4d6a-81bd-1ac3b7ff7076,0.00,,Active,,2025-06-10 16:12:45.151042+00,2025-06-10 16:12:45.151042+00,,,0.00,AUD,Unpaid,,,9d7cb06c-1dec-42c0-9105-48ca63e4ecd9,,,,false,,,
21ceed99-d8d9-4ae7-8fb3-10e33923234b,,6c12952b-7cf3-4d6a-81bd-1ac3b7ff7076,0.00,,pending,,2025-06-12 23:08:58.68736+00,2025-06-12 23:08:58.68736+00,,,,AUD,Unpaid,,,e969a621-c535-413b-95a2-8d5e57f6e0cc,7196514b-d4b8-4fe0-93ac-deb4c205dd09,,,false,,,
374aa736-f204-4db8-b4a1-4402360622b4,,6c12952b-7cf3-4d6a-81bd-1ac3b7ff7076,0.00,,pending,,2025-06-13 01:56:47.910055+00,2025-06-13 01:56:47.910055+00,,,,AUD,Unpaid,,,f9aa866b-337b-4168-9104-5ad514c88d92,7196514b-d4b8-4fe0-93ac-deb4c205dd09,,,false,,,
c26b67a5-8370-43ae-94a3-bf87d34a69ac,,6c12952b-7cf3-4d6a-81bd-1ac3b7ff7076,0.00,,pending,,2025-06-13 02:19:56.707201+00,2025-06-13 02:19:56.707201+00,,,,AUD,Unpaid,,,9702da19-deb6-465e-b3e5-b0aed0894eb6,7196514b-d4b8-4fe0-93ac-deb4c205dd09,,,false,,,
7e9f2d55-1705-4dbe-9f7f-dad7158960ee,,6c12952b-7cf3-4d6a-81bd-1ac3b7ff7076,0.00,,pending,,2025-06-13 02:23:23.29504+00,2025-06-13 02:23:23.29504+00,,,,AUD,Unpaid,,,d2b77d28-827b-4701-8432-17a867da5645,7196514b-d4b8-4fe0-93ac-deb4c205dd09,,,false,,,
db6c39db-2f2e-4cd1-a635-23d081bb91c8,,6c12952b-7cf3-4d6a-81bd-1ac3b7ff7076,0.00,,pending,,2025-06-14 00:47:46.234846+00,2025-06-14 00:47:46.234846+00,,,,AUD,Unpaid,,,c8c704c1-fa12-43a4-9ae1-903b5945d4c5,7196514b-d4b8-4fe0-93ac-deb4c205dd09,,,false,,,
724a8845-d137-4ccf-8fa2-2435f9601d88,,6c12952b-7cf3-4d6a-81bd-1ac3b7ff7076,0.00,,pending,,2025-06-14 00:56:06.321196+00,2025-06-14 00:56:06.321196+00,,,,AUD,Unpaid,,,4be7c072-c65d-4e67-9420-59d42053010a,7196514b-d4b8-4fe0-93ac-deb4c205dd09,,,false,,,
23e7401b-b18a-4cd9-97b1-cfb518850cb2,,6c12952b-7cf3-4d6a-81bd-1ac3b7ff7076,0.00,,pending,,2025-06-14 03:45:28.26601+00,2025-06-14 03:45:28.26601+00,,,,AUD,Unpaid,,,0a5f85cd-0f5d-4853-ae2c-25279217d6d1,7196514b-d4b8-4fe0-93ac-deb4c205dd09,,,false,,,
e8c38560-3e7e-410c-ab4d-6a709c83e735,,6c12952b-7cf3-4d6a-81bd-1ac3b7ff7076,0.00,,pending,,2025-06-14 03:45:28.26601+00,2025-06-14 03:45:28.26601+00,,,,AUD,Unpaid,,,0a5f85cd-0f5d-4853-ae2c-25279217d6d1,7196514b-d4b8-4fe0-93ac-deb4c205dd09,,,false,,,
2b311f23-972b-4865-bee9-83023ba24aea,,6c12952b-7cf3-4d6a-81bd-1ac3b7ff7076,0.00,,pending,,2025-06-15 04:34:17.921564+00,2025-06-15 04:34:17.921564+00,,,,AUD,Unpaid,,,7614f44f-66e7-4e2e-a542-7e7f75ddfc8f,7196514b-d4b8-4fe0-93ac-deb4c205dd09,,,false,,,
77814780-7033-4d64-be62-8992e8be9f78,,6c12952b-7cf3-4d6a-81bd-1ac3b7ff7076,0.00,,pending,,2025-06-17 02:24:47.093005+00,2025-06-17 02:24:47.093005+00,,,,AUD,Unpaid,,,8d9aaf0a-8f48-4fb8-a1d1-8dfe2e4df21a,7196514b-d4b8-4fe0-93ac-deb4c205dd09,,,false,,,
21b93958-98cf-4cf1-8a2e-5fa620de79ac,,6c12952b-7cf3-4d6a-81bd-1ac3b7ff7076,0.00,,pending,,2025-06-17 04:50:18.133483+00,2025-06-17 04:50:18.133483+00,,,,AUD,Unpaid,,,46bf4209-9df1-4ca8-b027-0ce41e844fe4,7196514b-d4b8-4fe0-93ac-deb4c205dd09,,,false,,,
43e3db39-0e58-478f-87a3-8cc9ce5a8019,,6c12952b-7cf3-4d6a-81bd-1ac3b7ff7076,0.00,,pending,,2025-06-17 04:53:01.957925+00,2025-06-17 04:53:01.957925+00,,,,AUD,Unpaid,,,327c8fb9-f6b8-406f-b69a-fa7f505cc7ac,7196514b-d4b8-4fe0-93ac-deb4c205dd09,,,false,,,
ab9111a4-ac7c-4df9-942d-67f1bd004c5e,,6c12952b-7cf3-4d6a-81bd-1ac3b7ff7076,0.00,,pending,,2025-06-17 05:04:07.624475+00,2025-06-17 05:04:07.624475+00,,,,AUD,Unpaid,,,a767f6a8-1761-4a64-81d4-c60f1491ba88,7196514b-d4b8-4fe0-93ac-deb4c205dd09,,,false,,,
7cd05319-5595-479d-ae74-f29c8b4b70b0,,6c12952b-7cf3-4d6a-81bd-1ac3b7ff7076,0.00,,pending,,2025-06-17 05:08:26.878415+00,2025-06-17 05:08:26.878415+00,,,,AUD,Unpaid,,,3b47e5d9-cb7e-4d0c-ac82-cb0d2074b85b,7196514b-d4b8-4fe0-93ac-deb4c205dd09,,,false,,,
0627ad3c-0a09-457d-86fd-b4ef62aee9db,,6c12952b-7cf3-4d6a-81bd-1ac3b7ff7076,0.00,,pending,,2025-06-17 06:11:54.093143+00,2025-06-17 06:11:54.093143+00,,,,AUD,Unpaid,,,e851a2e9-d08f-4e52-9dc2-eaa446f60cad,7196514b-d4b8-4fe0-93ac-deb4c205dd09,,,false,,,
2528045b-86c5-479b-8d29-0e82ed30523e,,6c12952b-7cf3-4d6a-81bd-1ac3b7ff7076,0.00,,pending,,2025-06-17 06:33:46.350021+00,2025-06-17 06:33:46.350021+00,,,,AUD,Unpaid,,,16d5b9c2-46fe-4959-989a-b761c6c3c4d5,7196514b-d4b8-4fe0-93ac-deb4c205dd09,,,false,,,
68f93075-2a81-4a7d-a7ee-ba7b01786d69,,6c12952b-7cf3-4d6a-81bd-1ac3b7ff7076,0.00,,pending,,2025-06-17 06:40:42.19173+00,2025-06-17 06:40:42.19173+00,,,,AUD,Unpaid,,,8fbccf2e-8e80-4e82-b77a-13925df583e1,7196514b-d4b8-4fe0-93ac-deb4c205dd09,,,false,,,
ccf5b474-cbb4-4bb2-a601-abf3f2c7287b,,6c12952b-7cf3-4d6a-81bd-1ac3b7ff7076,0.00,,pending,,2025-06-17 07:05:48.646795+00,2025-06-17 07:05:48.646795+00,,,,AUD,Unpaid,,,eca933dc-b896-4ffd-8569-94e1e6646798,7196514b-d4b8-4fe0-93ac-deb4c205dd09,,,false,,,
aa1aa7e9-9676-483b-8258-b2a31ea5b4a1,,6c12952b-7cf3-4d6a-81bd-1ac3b7ff7076,0.00,,pending,,2025-06-17 07:05:48.646795+00,2025-06-17 07:05:48.646795+00,,,,AUD,Unpaid,,,eca933dc-b896-4ffd-8569-94e1e6646798,7196514b-d4b8-4fe0-93ac-deb4c205dd09,,,false,,,
38748686-9266-4e61-9c5b-3c5a20b3275b,,6c12952b-7cf3-4d6a-81bd-1ac3b7ff7076,0.00,,pending,,2025-06-17 07:07:48.559866+00,2025-06-17 07:07:48.559866+00,,,,AUD,Unpaid,,,529f2e9c-0ae1-4fde-ac1b-f2cd5eb70776,7196514b-d4b8-4fe0-93ac-deb4c205dd09,,,false,,,
a5b7d1af-1081-497c-877c-e1b9217fa857,,6c12952b-7cf3-4d6a-81bd-1ac3b7ff7076,0.00,,pending,,2025-06-17 07:07:48.559866+00,2025-06-17 07:07:48.559866+00,,,,AUD,Unpaid,,,529f2e9c-0ae1-4fde-ac1b-f2cd5eb70776,7196514b-d4b8-4fe0-93ac-deb4c205dd09,,,false,,,
04ea991a-a05d-450f-8d6c-6eab6a6e4ec4,,6c12952b-7cf3-4d6a-81bd-1ac3b7ff7076,0.00,,pending,,2025-06-17 07:24:13.362398+00,2025-06-17 07:24:13.362398+00,,,,AUD,Unpaid,,,8a63ce42-9276-4254-b3cc-406d78cdbb16,7196514b-d4b8-4fe0-93ac-deb4c205dd09,,,false,,,
323ea283-efbf-4a41-acd8-afc2d1793c85,,6c12952b-7cf3-4d6a-81bd-1ac3b7ff7076,0.00,,pending,,2025-06-17 22:26:25.820855+00,2025-06-17 22:26:25.820855+00,,,,AUD,Unpaid,,,417bc567-9a6a-4d66-86e8-44cd2b5fba19,7196514b-d4b8-4fe0-93ac-deb4c205dd09,,,false,,,
ba16a58a-09c4-43b1-b358-48a81b08b0a7,,6c12952b-7cf3-4d6a-81bd-1ac3b7ff7076,0.00,,pending,,2025-06-17 22:26:25.820855+00,2025-06-17 22:26:25.820855+00,,,,AUD,Unpaid,,,417bc567-9a6a-4d66-86e8-44cd2b5fba19,7196514b-d4b8-4fe0-93ac-deb4c205dd09,,,false,,,
20003231-2089-40c0-befd-37edc0e7074b,,6c12952b-7cf3-4d6a-81bd-1ac3b7ff7076,0.00,,pending,,2025-06-17 22:32:59.318368+00,2025-06-17 22:32:59.318368+00,,,,AUD,Unpaid,,,52b87f93-4b4c-4ed2-84ce-d62016a485a0,7196514b-d4b8-4fe0-93ac-deb4c205dd09,,,false,,,
7476d3ea-6ee1-4c08-8a4a-26db48d740ae,,6c12952b-7cf3-4d6a-81bd-1ac3b7ff7076,0.00,,pending,,2025-06-17 22:32:59.318368+00,2025-06-17 22:32:59.318368+00,,,,AUD,Unpaid,,,52b87f93-4b4c-4ed2-84ce-d62016a485a0,7196514b-d4b8-4fe0-93ac-deb4c205dd09,,,false,,,
f7fb9b48-3dd9-4938-8f96-3768bfb44f2a,,6c12952b-7cf3-4d6a-81bd-1ac3b7ff7076,0.00,,pending,,2025-06-17 22:42:17.583401+00,2025-06-17 22:42:17.583401+00,,,,AUD,Unpaid,,,01941777-c4bd-4dfc-8927-337006fefd56,7196514b-d4b8-4fe0-93ac-deb4c205dd09,,,false,,,
eb9a3841-15d3-462c-a0da-cd64a5981820,,6c12952b-7cf3-4d6a-81bd-1ac3b7ff7076,0.00,,pending,,2025-06-17 23:36:11.938104+00,2025-06-17 23:36:11.938104+00,,,,AUD,Unpaid,,,cfce6d0f-1c50-4943-80f9-cc37a24090b7,7196514b-d4b8-4fe0-93ac-deb4c205dd09,,,false,,,
ca02cf93-f79f-48d4-b841-8bd6f9538950,,6c12952b-7cf3-4d6a-81bd-1ac3b7ff7076,0.00,,pending,,2025-06-17 23:36:11.938104+00,2025-06-17 23:36:11.938104+00,,,,AUD,Unpaid,,,cfce6d0f-1c50-4943-80f9-cc37a24090b7,7196514b-d4b8-4fe0-93ac-deb4c205dd09,,,false,,,
fe4db59b-4f19-40ac-bacb-c0c819a41ba0,,6c12952b-7cf3-4d6a-81bd-1ac3b7ff7076,0.00,,pending,,2025-06-17 23:43:46.123792+00,2025-06-17 23:43:46.123792+00,,,,AUD,Unpaid,,,96281c47-0525-44a7-9ff0-07f6d0ef5fdd,7196514b-d4b8-4fe0-93ac-deb4c205dd09,,,false,,,
f5810235-53ef-4dcc-ac2e-1b0017a18748,,6c12952b-7cf3-4d6a-81bd-1ac3b7ff7076,0.00,,pending,,2025-06-17 23:48:54.815321+00,2025-06-17 23:48:54.815321+00,,,,AUD,Unpaid,,,eb468500-8643-4af6-9389-1329ff3d9e73,7196514b-d4b8-4fe0-93ac-deb4c205dd09,,,false,,,
8118bf02-9354-4a2d-ad73-3d14a075cc32,,6c12952b-7cf3-4d6a-81bd-1ac3b7ff7076,0.00,,pending,,2025-06-17 23:52:35.489353+00,2025-06-17 23:52:35.489353+00,,,,AUD,Unpaid,,,b097e5ef-b7cb-4953-87c6-fd85296a0b53,7196514b-d4b8-4fe0-93ac-deb4c205dd09,,,false,,,
ac303345-6b33-43de-a381-8f9369364cc9,,6c12952b-7cf3-4d6a-81bd-1ac3b7ff7076,0.00,,pending,,2025-06-18 00:16:01.252222+00,2025-06-18 00:16:01.252222+00,,,,AUD,Unpaid,,,11e5d2aa-9054-485b-8dcd-bd248bb93464,7196514b-d4b8-4fe0-93ac-deb4c205dd09,,,false,,,
c1b590bf-9283-4570-a5d6-00d337c150f9,,6c12952b-7cf3-4d6a-81bd-1ac3b7ff7076,0.00,,pending,,2025-06-18 00:16:01.252222+00,2025-06-18 00:16:01.252222+00,,,,AUD,Unpaid,,,11e5d2aa-9054-485b-8dcd-bd248bb93464,7196514b-d4b8-4fe0-93ac-deb4c205dd09,,,false,,,
23b61d39-cabd-4c3a-9734-f4c8e9261cfe,,6c12952b-7cf3-4d6a-81bd-1ac3b7ff7076,0.00,,pending,,2025-06-18 00:27:24.108758+00,2025-06-18 00:27:24.108758+00,,,,AUD,Unpaid,,,4dc40f4f-0968-4620-bd1c-33d4cbe01b7f,7196514b-d4b8-4fe0-93ac-deb4c205dd09,,,false,,,
8f3fca98-5438-426a-9f10-bdcbafaea041,,6c12952b-7cf3-4d6a-81bd-1ac3b7ff7076,0.00,,pending,,2025-06-18 01:45:13.354165+00,2025-06-18 01:45:13.354165+00,,,,AUD,Unpaid,,,d015825f-5874-459d-965d-40d6d2bdd0a8,7196514b-d4b8-4fe0-93ac-deb4c205dd09,,,false,,,
f52409ed-49f9-4e60-9c32-113535f6ee25,,6c12952b-7cf3-4d6a-81bd-1ac3b7ff7076,0.00,,pending,,2025-06-18 02:18:46.920531+00,2025-06-18 02:18:46.920531+00,,,,AUD,Unpaid,,,e5196356-f67d-49c2-bc91-b3025353dea8,7196514b-d4b8-4fe0-93ac-deb4c205dd09,,,false,,,
cc605fee-f4c0-4fa3-8f0b-dc7cc91dde4c,,6c12952b-7cf3-4d6a-81bd-1ac3b7ff7076,0.00,,pending,,2025-06-18 02:23:29.168802+00,2025-06-18 02:23:29.168802+00,,,,AUD,Unpaid,,,e479c417-5657-4d1f-9b40-5248ba8f030e,7196514b-d4b8-4fe0-93ac-deb4c205dd09,,,false,,,
76f5314d-2564-4c44-be0c-f50120bd21e9,,6c12952b-7cf3-4d6a-81bd-1ac3b7ff7076,0.00,,pending,,2025-06-18 02:28:55.834766+00,2025-06-18 02:28:55.834766+00,,,,AUD,Unpaid,,,2057dc45-b02c-45fa-a937-4bdc13dd0834,7196514b-d4b8-4fe0-93ac-deb4c205dd09,,,false,,,
b0bd4c4b-828e-4eeb-9d65-f868dccc64e6,,6c12952b-7cf3-4d6a-81bd-1ac3b7ff7076,0.00,,pending,,2025-06-18 02:58:39.708669+00,2025-06-18 02:58:39.708669+00,,,,AUD,Unpaid,,,9b95f80d-ca82-41bc-ac21-2534ce013fb9,7196514b-d4b8-4fe0-93ac-deb4c205dd09,,,false,,,
4458db8d-77b4-4498-9333-26faed614098,,6c12952b-7cf3-4d6a-81bd-1ac3b7ff7076,0.00,,pending,,2025-06-18 04:46:20.17054+00,2025-06-18 04:46:20.17054+00,,,,AUD,Unpaid,,,c2f9862b-e01b-4a40-b111-6b8bd836e0fc,7196514b-d4b8-4fe0-93ac-deb4c205dd09,,,false,,,
e8c20341-39fe-4126-a0ce-df003ba9ac4a,,6c12952b-7cf3-4d6a-81bd-1ac3b7ff7076,0.00,,pending,,2025-06-18 04:46:20.17054+00,2025-06-18 04:46:20.17054+00,,,,AUD,Unpaid,,,c2f9862b-e01b-4a40-b111-6b8bd836e0fc,7196514b-d4b8-4fe0-93ac-deb4c205dd09,,,false,,,
63a2a9cc-341b-4e3c-9ce6-ec04bc77607c,,6c12952b-7cf3-4d6a-81bd-1ac3b7ff7076,0.00,,pending,,2025-06-18 04:46:20.17054+00,2025-06-18 04:46:20.17054+00,,,,AUD,Unpaid,,,c2f9862b-e01b-4a40-b111-6b8bd836e0fc,7196514b-d4b8-4fe0-93ac-deb4c205dd09,,,false,,,
b4bfd4f7-9d45-46af-bcc2-98f7cda949bd,,6c12952b-7cf3-4d6a-81bd-1ac3b7ff7076,0.00,,pending,,2025-06-18 04:46:20.17054+00,2025-06-18 04:46:20.17054+00,,,,AUD,Unpaid,,,c2f9862b-e01b-4a40-b111-6b8bd836e0fc,7196514b-d4b8-4fe0-93ac-deb4c205dd09,,,false,,,
17cd90ef-b4d3-45eb-9667-91b65604e898,,6c12952b-7cf3-4d6a-81bd-1ac3b7ff7076,0.00,,pending,,2025-06-18 04:46:20.17054+00,2025-06-18 04:46:20.17054+00,,,,AUD,Unpaid,,,c2f9862b-e01b-4a40-b111-6b8bd836e0fc,7196514b-d4b8-4fe0-93ac-deb4c205dd09,,,false,,,
39257b35-7c24-4605-ae84-a508183efc98,,6c12952b-7cf3-4d6a-81bd-1ac3b7ff7076,0.00,,pending,,2025-06-18 06:42:24.292071+00,2025-06-18 06:42:24.292071+00,,,,AUD,Unpaid,,,92d8d83d-cc7a-4b7d-87de-8f745474b55b,7196514b-d4b8-4fe0-93ac-deb4c205dd09,,,false,,,
18f8c309-2b05-49c1-8d4e-36416b88b6bc,,6c12952b-7cf3-4d6a-81bd-1ac3b7ff7076,0.00,,pending,,2025-06-18 06:42:24.292071+00,2025-06-18 06:42:24.292071+00,,,,AUD,Unpaid,,,92d8d83d-cc7a-4b7d-87de-8f745474b55b,7196514b-d4b8-4fe0-93ac-deb4c205dd09,,,false,,,
59f11a5f-eba8-4128-8e88-1d464c7227c5,,6c12952b-7cf3-4d6a-81bd-1ac3b7ff7076,0.00,,pending,,2025-06-18 06:47:38.68921+00,2025-06-18 06:47:38.68921+00,,,,AUD,Unpaid,,,ac880769-a251-4914-b16d-f75b4d839a2d,7196514b-d4b8-4fe0-93ac-deb4c205dd09,,,false,,,
0c63566d-5cd1-4652-9836-c8a684931ec0,,6c12952b-7cf3-4d6a-81bd-1ac3b7ff7076,0.00,,pending,,2025-06-18 07:12:38.528098+00,2025-06-18 07:12:38.528098+00,,,,AUD,Unpaid,,,b59e8fde-a714-448a-976c-78d7d086a864,7196514b-d4b8-4fe0-93ac-deb4c205dd09,,,false,,,
c76e3d1b-7434-43e7-980c-146948f7d5ef,,6c12952b-7cf3-4d6a-81bd-1ac3b7ff7076,0.00,,pending,,2025-06-18 07:35:52.315247+00,2025-06-18 07:35:52.315247+00,,,,AUD,Unpaid,,,371a8bae-7c4f-4650-a0d6-085912e5f57c,7196514b-d4b8-4fe0-93ac-deb4c205dd09,,,false,,,
20359773-c8d9-4c03-b146-dec94949a8e4,,6c12952b-7cf3-4d6a-81bd-1ac3b7ff7076,0.00,,pending,,2025-06-19 13:16:44.933502+00,2025-06-19 13:16:44.933502+00,,,,AUD,Unpaid,,,0d38d662-37a3-47cc-bd7f-5436f1fdaad2,7196514b-d4b8-4fe0-93ac-deb4c205dd09,,,false,,,
b30e0326-e894-44b5-b609-ccc5650ba52d,,6c12952b-7cf3-4d6a-81bd-1ac3b7ff7076,0.00,,pending,,2025-06-19 13:24:55.446544+00,2025-06-19 13:24:55.446544+00,,,,AUD,Unpaid,,,ff091cf1-5d85-4302-a323-a5fb29a79477,7196514b-d4b8-4fe0-93ac-deb4c205dd09,,,false,,,
b4475341-8498-4b4e-a7af-7fbdc02cce7d,,6c12952b-7cf3-4d6a-81bd-1ac3b7ff7076,0.00,,pending,,2025-06-19 14:19:40.078471+00,2025-06-19 14:19:40.078471+00,,,,AUD,Unpaid,,,af32f841-28ae-416f-95c5-e4ab987acc60,7196514b-d4b8-4fe0-93ac-deb4c205dd09,,,false,,,
097f0e45-ac5d-4abb-a11c-5a5eda3a14b3,,6c12952b-7cf3-4d6a-81bd-1ac3b7ff7076,0.00,,pending,,2025-06-19 21:49:29.64864+00,2025-06-19 21:49:29.64864+00,,,,AUD,Unpaid,,,c7ba302d-e05c-4abc-83cb-33790aded9f6,7196514b-d4b8-4fe0-93ac-deb4c205dd09,,,false,,,
358d9eef-4e95-4259-9dcd-97e4b1e6fc25,,6c12952b-7cf3-4d6a-81bd-1ac3b7ff7076,0.00,,pending,,2025-06-19 22:26:20.540698+00,2025-06-19 22:26:20.540698+00,,,,AUD,Unpaid,,,3c73cd82-e78e-4f28-9178-c174c5a7a53a,7196514b-d4b8-4fe0-93ac-deb4c205dd09,,,false,,,
649142dc-4bb2-4762-bda9-3a4dd107b70d,,6c12952b-7cf3-4d6a-81bd-1ac3b7ff7076,0.00,,pending,,2025-06-19 23:14:42.240587+00,2025-06-19 23:14:42.240587+00,,,,AUD,Unpaid,,,14f0bba5-bf94-4d8d-8ebb-554098672765,7196514b-d4b8-4fe0-93ac-deb4c205dd09,,,false,,,
b5fd1eb1-dfe2-464e-9e5b-bc3b94184ecd,,6c12952b-7cf3-4d6a-81bd-1ac3b7ff7076,0.00,,pending,,2025-06-19 23:22:29.722376+00,2025-06-19 23:22:29.722376+00,,,,AUD,Unpaid,,,ddda3654-b0c0-40ee-93a2-ab06dfc0c17f,7196514b-d4b8-4fe0-93ac-deb4c205dd09,,,false,,,
ace55291-bf3d-4cf9-ad88-98a11a5c5ce8,,6c12952b-7cf3-4d6a-81bd-1ac3b7ff7076,0.00,,pending,,2025-06-20 04:19:14.418396+00,2025-06-20 04:19:14.418396+00,,,,AUD,Unpaid,,,21116c31-aefa-471d-9327-c97c196c9c70,7196514b-d4b8-4fe0-93ac-deb4c205dd09,,,false,,,
3353f705-1e01-40b6-a26d-e2e3bfd8eaaf,,6c12952b-7cf3-4d6a-81bd-1ac3b7ff7076,0.00,,pending,,2025-06-20 05:03:01.147609+00,2025-06-20 05:03:01.147609+00,,,,AUD,Unpaid,,,f5f41b6b-f498-4962-aa87-888b1def3d38,7196514b-d4b8-4fe0-93ac-deb4c205dd09,,,false,,,
b279dfc6-15ca-4b98-949b-0e27efd07b4e,,6c12952b-7cf3-4d6a-81bd-1ac3b7ff7076,0.00,,pending,,2025-06-20 22:47:04.823551+00,2025-06-20 22:47:04.823551+00,,,,AUD,Unpaid,,,ad56dbb0-fe51-400f-9657-340031c3dea7,7196514b-d4b8-4fe0-93ac-deb4c205dd09,,,false,,,
8730dde5-4afe-4fea-89da-b9ace08edc8b,,6c12952b-7cf3-4d6a-81bd-1ac3b7ff7076,0.00,,pending,,2025-06-21 01:01:23.916874+00,2025-06-21 01:01:23.916874+00,,,,AUD,Unpaid,,,b64ddc39-a321-4fc3-ac03-1e2264836527,7196514b-d4b8-4fe0-93ac-deb4c205dd09,,,false,,,
2fa67142-a5aa-48a5-bf71-bdba9b84b766,,6c12952b-7cf3-4d6a-81bd-1ac3b7ff7076,0.00,,pending,,2025-06-21 01:01:23.916874+00,2025-06-21 01:01:23.916874+00,,,,AUD,Unpaid,,,b64ddc39-a321-4fc3-ac03-1e2264836527,7196514b-d4b8-4fe0-93ac-deb4c205dd09,,,false,,,
fbdb070b-2994-4ea8-b2d8-5d6cb666e54e,,6c12952b-7cf3-4d6a-81bd-1ac3b7ff7076,0.00,,pending,,2025-06-21 01:11:25.662857+00,2025-06-21 01:11:25.662857+00,,,,AUD,Unpaid,,,41c139f9-25a7-4ef5-8709-9dc1ee6af142,7196514b-d4b8-4fe0-93ac-deb4c205dd09,,,false,,,
1622532a-9013-4a78-a221-30983ba21422,,6c12952b-7cf3-4d6a-81bd-1ac3b7ff7076,0.00,,pending,,2025-06-21 01:11:25.662857+00,2025-06-21 01:11:25.662857+00,,,,AUD,Unpaid,,,41c139f9-25a7-4ef5-8709-9dc1ee6af142,7196514b-d4b8-4fe0-93ac-deb4c205dd09,,,false,,,
d4c5b27e-1a10-46e2-8361-a6c62b6e51c9,,6c12952b-7cf3-4d6a-81bd-1ac3b7ff7076,0.00,,pending,,2025-06-21 01:25:34.930326+00,2025-06-21 01:25:34.930326+00,,,,AUD,Unpaid,,,ced31218-2c1c-4404-9527-e8dc3d9b229e,7196514b-d4b8-4fe0-93ac-deb4c205dd09,,,false,,,
084d6f43-4b8c-4097-8dc9-18881e97af48,,6c12952b-7cf3-4d6a-81bd-1ac3b7ff7076,0.00,,pending,,2025-06-21 01:25:34.930326+00,2025-06-21 01:25:34.930326+00,,,,AUD,Unpaid,,,ced31218-2c1c-4404-9527-e8dc3d9b229e,7196514b-d4b8-4fe0-93ac-deb4c205dd09,,,false,,,
927075b5-aa90-4f5c-b8f9-4867bc27353c,,6c12952b-7cf3-4d6a-81bd-1ac3b7ff7076,0.00,,pending,,2025-06-21 01:47:44.193496+00,2025-06-21 01:47:44.193496+00,,,,AUD,Unpaid,,,934a1c3b-4e15-488b-8e4f-019efab05178,7196514b-d4b8-4fe0-93ac-deb4c205dd09,,,false,,,
e9d00a50-ae2c-4590-8fb1-fa41d2af0bb5,,6c12952b-7cf3-4d6a-81bd-1ac3b7ff7076,0.00,,pending,,2025-06-21 01:47:44.193496+00,2025-06-21 01:47:44.193496+00,,,,AUD,Unpaid,,,934a1c3b-4e15-488b-8e4f-019efab05178,7196514b-d4b8-4fe0-93ac-deb4c205dd09,,,false,,,
10af51aa-abc1-4bf7-aec5-7b9186bb381c,,6c12952b-7cf3-4d6a-81bd-1ac3b7ff7076,0.00,,pending,,2025-06-21 04:32:10.239267+00,2025-06-21 04:32:10.239267+00,,,,AUD,Unpaid,,,bad177c1-bbc8-4f65-a0de-25ee7f85f356,7196514b-d4b8-4fe0-93ac-deb4c205dd09,,,false,,,
c2ca4188-8d98-4126-910d-4576b148db7e,,6c12952b-7cf3-4d6a-81bd-1ac3b7ff7076,0.00,,pending,,2025-06-21 04:32:10.239267+00,2025-06-21 04:32:10.239267+00,,,,AUD,Unpaid,,,bad177c1-bbc8-4f65-a0de-25ee7f85f356,7196514b-d4b8-4fe0-93ac-deb4c205dd09,,,false,,,
0c77714a-a592-4c06-92fa-4d4d4585b4da,,6c12952b-7cf3-4d6a-81bd-1ac3b7ff7076,0.00,,pending,,2025-06-21 04:32:10.239267+00,2025-06-21 04:32:10.239267+00,,,,AUD,Unpaid,,,bad177c1-bbc8-4f65-a0de-25ee7f85f356,7196514b-d4b8-4fe0-93ac-deb4c205dd09,,,false,,,
d0e05cd3-f9c9-4657-a6ed-4f6d68dc9c60,,6c12952b-7cf3-4d6a-81bd-1ac3b7ff7076,0.00,,pending,,2025-06-21 04:32:10.239267+00,2025-06-21 04:32:10.239267+00,,,,AUD,Unpaid,,,bad177c1-bbc8-4f65-a0de-25ee7f85f356,7196514b-d4b8-4fe0-93ac-deb4c205dd09,,,false,,,
f9437325-471d-4cb3-9cb1-d64e32cda2e7,,6c12952b-7cf3-4d6a-81bd-1ac3b7ff7076,0.00,,pending,,2025-06-21 04:32:10.239267+00,2025-06-21 04:32:10.239267+00,,,,AUD,Unpaid,,,bad177c1-bbc8-4f65-a0de-25ee7f85f356,7196514b-d4b8-4fe0-93ac-deb4c205dd09,,,false,,,
7f8c64f0-a13b-4fab-8573-e91bb51a427c,,6c12952b-7cf3-4d6a-81bd-1ac3b7ff7076,0.00,,pending,,2025-06-21 04:51:39.427004+00,2025-06-21 04:51:39.427004+00,,,,AUD,Unpaid,,,4f7c9da6-1d8b-466c-917e-05ace5f350bf,7196514b-d4b8-4fe0-93ac-deb4c205dd09,,,false,,,
9f06d60c-dd20-4c39-8e86-84c9d134d0b6,,6c12952b-7cf3-4d6a-81bd-1ac3b7ff7076,0.00,,pending,,2025-06-21 09:13:19.858029+00,2025-06-21 09:13:19.858029+00,,,,AUD,Unpaid,,,35a617fd-3db4-462f-902f-1aceb76057dc,7196514b-d4b8-4fe0-93ac-deb4c205dd09,,,false,,,
9f7e39e2-229d-4f0f-af6a-a0064c5caa0f,,6c12952b-7cf3-4d6a-81bd-1ac3b7ff7076,0.00,,pending,,2025-06-22 07:22:13.868954+00,2025-06-22 07:22:13.868954+00,,,,AUD,Unpaid,,,e8d27b17-9e6d-4682-86b4-ebdc5b44c7f7,7196514b-d4b8-4fe0-93ac-deb4c205dd09,,,false,,,
4ef51802-bad2-4c6f-9716-fca3d71b568c,,6c12952b-7cf3-4d6a-81bd-1ac3b7ff7076,0.00,,pending,,2025-06-22 07:22:13.868954+00,2025-06-22 07:22:13.868954+00,,,,AUD,Unpaid,,,e8d27b17-9e6d-4682-86b4-ebdc5b44c7f7,7196514b-d4b8-4fe0-93ac-deb4c205dd09,,,false,,,
da1a1fe9-1e96-4595-9761-e0d2958988fe,,6c12952b-7cf3-4d6a-81bd-1ac3b7ff7076,0.00,,pending,,2025-06-22 10:02:18.947048+00,2025-06-22 10:02:18.947048+00,,,,AUD,Unpaid,,,fe6e329c-3571-4935-b2c9-90fb9ee969cb,7196514b-d4b8-4fe0-93ac-deb4c205dd09,,,false,,,
f55cd82e-d235-4c1b-b0dd-8ad7ee136ba4,,6c12952b-7cf3-4d6a-81bd-1ac3b7ff7076,0.00,,pending,,2025-06-22 13:17:42.189957+00,2025-06-22 13:17:42.189957+00,,,,AUD,Unpaid,,,64754632-f529-49bd-a217-d33cc5e28c32,7196514b-d4b8-4fe0-93ac-deb4c205dd09,,,false,,,
b6f9fc67-1073-401d-ac5b-bd7a82f5acf6,,6c12952b-7cf3-4d6a-81bd-1ac3b7ff7076,0.00,,pending,,2025-06-23 00:25:27.048399+00,2025-06-23 00:25:27.048399+00,,,,AUD,Unpaid,,,39f33bb9-9f38-40af-a868-30813e6ca15b,7196514b-d4b8-4fe0-93ac-deb4c205dd09,,,false,,,
2e775928-3359-4418-b483-06c9e199620a,,6c12952b-7cf3-4d6a-81bd-1ac3b7ff7076,0.00,,pending,,2025-06-23 00:48:50.427646+00,2025-06-23 00:48:50.427646+00,,,,AUD,Unpaid,,,3fa1b373-cba2-4080-ab20-ecdcf008b382,7196514b-d4b8-4fe0-93ac-deb4c205dd09,,,false,,,
e84d2faf-1f1d-4934-8587-2d5a24eabd26,,6c12952b-7cf3-4d6a-81bd-1ac3b7ff7076,0.00,,pending,,2025-06-23 02:58:38.59531+00,2025-06-23 02:58:38.59531+00,,,,AUD,Unpaid,,,c1f63a73-7f17-4d3f-a4a2-f25f50663746,7196514b-d4b8-4fe0-93ac-deb4c205dd09,,,false,,,
2df0ca06-f86e-47b9-9d01-29f27b086aed,,6c12952b-7cf3-4d6a-81bd-1ac3b7ff7076,0.00,,pending,,2025-06-23 03:07:45.53055+00,2025-06-23 03:07:45.53055+00,,,,AUD,Unpaid,,,14defdb3-36f6-4c1b-a3a9-f7716ada7866,7196514b-d4b8-4fe0-93ac-deb4c205dd09,,,false,,,
9b9d8a07-8506-4add-9bf5-63121ec29260,,6c12952b-7cf3-4d6a-81bd-1ac3b7ff7076,0.00,,pending,,2025-06-23 06:21:25.917763+00,2025-06-23 06:21:25.917763+00,,,,AUD,Unpaid,,,842c625b-7cfd-4e7f-a661-5d92955f792f,7196514b-d4b8-4fe0-93ac-deb4c205dd09,,,false,,,
831f9d57-7831-4e02-a6b2-f28ee25cc6ca,,6c12952b-7cf3-4d6a-81bd-1ac3b7ff7076,0.00,,pending,,2025-06-23 07:59:44.14415+00,2025-06-23 07:59:44.14415+00,,,,AUD,Unpaid,,,68e99183-46fe-48e1-9e90-4e580f53ce0d,7196514b-d4b8-4fe0-93ac-deb4c205dd09,,,false,,,
40dc613a-f49a-435b-a7d5-7eb549cf2d39,,6c12952b-7cf3-4d6a-81bd-1ac3b7ff7076,0.00,,pending,,2025-06-23 07:59:44.14415+00,2025-06-23 07:59:44.14415+00,,,,AUD,Unpaid,,,68e99183-46fe-48e1-9e90-4e580f53ce0d,7196514b-d4b8-4fe0-93ac-deb4c205dd09,,,false,,,
6600a3c0-119a-4b9c-8aba-d0ac7b6ca671,,6c12952b-7cf3-4d6a-81bd-1ac3b7ff7076,0.00,,pending,,2025-06-23 07:59:44.14415+00,2025-06-23 07:59:44.14415+00,,,,AUD,Unpaid,,,68e99183-46fe-48e1-9e90-4e580f53ce0d,7196514b-d4b8-4fe0-93ac-deb4c205dd09,,,false,,,
ddfff8b6-9c51-4b3b-96b2-4c99012c36f2,,6c12952b-7cf3-4d6a-81bd-1ac3b7ff7076,0.00,,pending,,2025-06-23 07:59:44.14415+00,2025-06-23 07:59:44.14415+00,,,,AUD,Unpaid,,,68e99183-46fe-48e1-9e90-4e580f53ce0d,7196514b-d4b8-4fe0-93ac-deb4c205dd09,,,false,,,
ce4cc511-aef5-44c1-9830-903302876845,,6c12952b-7cf3-4d6a-81bd-1ac3b7ff7076,0.00,,pending,,2025-06-23 07:59:44.14415+00,2025-06-23 07:59:44.14415+00,,,,AUD,Unpaid,,,68e99183-46fe-48e1-9e90-4e580f53ce0d,7196514b-d4b8-4fe0-93ac-deb4c205dd09,,,false,,,
4f7ac11f-5fad-46aa-813f-105817274452,,6c12952b-7cf3-4d6a-81bd-1ac3b7ff7076,0.00,,pending,,2025-06-23 07:59:44.14415+00,2025-06-23 07:59:44.14415+00,,,,AUD,Unpaid,,,68e99183-46fe-48e1-9e90-4e580f53ce0d,7196514b-d4b8-4fe0-93ac-deb4c205dd09,,,false,,,
7d18d330-acde-4056-ba9b-214a7ff1e1a1,,6c12952b-7cf3-4d6a-81bd-1ac3b7ff7076,0.00,,pending,,2025-06-23 07:59:44.14415+00,2025-06-23 07:59:44.14415+00,,,,AUD,Unpaid,,,68e99183-46fe-48e1-9e90-4e580f53ce0d,7196514b-d4b8-4fe0-93ac-deb4c205dd09,,,false,,,
a93b0edb-acb9-4093-a9ad-fd242e4a24fc,,6c12952b-7cf3-4d6a-81bd-1ac3b7ff7076,0.00,,pending,,2025-06-23 07:59:44.14415+00,2025-06-23 07:59:44.14415+00,,,,AUD,Unpaid,,,68e99183-46fe-48e1-9e90-4e580f53ce0d,7196514b-d4b8-4fe0-93ac-deb4c205dd09,,,false,,,
5fa0b84e-7b60-4b9e-be96-5b80b7f52c7e,,6c12952b-7cf3-4d6a-81bd-1ac3b7ff7076,0.00,,pending,,2025-06-23 07:59:44.14415+00,2025-06-23 07:59:44.14415+00,,,,AUD,Unpaid,,,68e99183-46fe-48e1-9e90-4e580f53ce0d,7196514b-d4b8-4fe0-93ac-deb4c205dd09,,,false,,,
ac70cce4-9898-407b-988a-356019f361f4,,6c12952b-7cf3-4d6a-81bd-1ac3b7ff7076,0.00,,pending,,2025-06-23 07:59:44.14415+00,2025-06-23 07:59:44.14415+00,,,,AUD,Unpaid,,,68e99183-46fe-48e1-9e90-4e580f53ce0d,7196514b-d4b8-4fe0-93ac-deb4c205dd09,,,false,,,
1f39c64d-2733-4375-ab99-ca8478cc1990,,6c12952b-7cf3-4d6a-81bd-1ac3b7ff7076,0.00,,pending,,2025-06-23 08:21:11.992371+00,2025-06-23 08:21:11.992371+00,,,,AUD,Unpaid,,,600237d1-9976-47a8-bebb-e78592dd3f6e,7196514b-d4b8-4fe0-93ac-deb4c205dd09,,,false,,,
0a44c6b7-3950-40d5-bd44-9f8b85f02d5d,,6c12952b-7cf3-4d6a-81bd-1ac3b7ff7076,0.00,,pending,,2025-06-23 08:21:11.992371+00,2025-06-23 08:21:11.992371+00,,,,AUD,Unpaid,,,600237d1-9976-47a8-bebb-e78592dd3f6e,7196514b-d4b8-4fe0-93ac-deb4c205dd09,,,false,,,
c9c4d426-5e30-4985-bdb8-5816201d72c9,,6c12952b-7cf3-4d6a-81bd-1ac3b7ff7076,0.00,,pending,,2025-06-23 08:21:11.992371+00,2025-06-23 08:21:11.992371+00,,,,AUD,Unpaid,,,600237d1-9976-47a8-bebb-e78592dd3f6e,7196514b-d4b8-4fe0-93ac-deb4c205dd09,,,false,,,
78fa3641-693b-4f1e-870a-af049d4cd208,,6c12952b-7cf3-4d6a-81bd-1ac3b7ff7076,0.00,,pending,,2025-06-23 08:21:11.992371+00,2025-06-23 08:21:11.992371+00,,,,AUD,Unpaid,,,600237d1-9976-47a8-bebb-e78592dd3f6e,7196514b-d4b8-4fe0-93ac-deb4c205dd09,,,false,,,
f0e53b16-52cb-414f-8e85-442fbed048be,,6c12952b-7cf3-4d6a-81bd-1ac3b7ff7076,0.00,,pending,,2025-06-23 08:21:11.992371+00,2025-06-23 08:21:11.992371+00,,,,AUD,Unpaid,,,600237d1-9976-47a8-bebb-e78592dd3f6e,7196514b-d4b8-4fe0-93ac-deb4c205dd09,,,false,,,
a82cbb7b-2e24-4215-8316-7d86bb1ed8ab,,6c12952b-7cf3-4d6a-81bd-1ac3b7ff7076,0.00,,pending,,2025-06-23 08:21:11.992371+00,2025-06-23 08:21:11.992371+00,,,,AUD,Unpaid,,,600237d1-9976-47a8-bebb-e78592dd3f6e,7196514b-d4b8-4fe0-93ac-deb4c205dd09,,,false,,,
821e6186-66e3-4624-af0f-42d5ff1fd41d,,6c12952b-7cf3-4d6a-81bd-1ac3b7ff7076,0.00,,pending,,2025-06-23 08:21:11.992371+00,2025-06-23 08:21:11.992371+00,,,,AUD,Unpaid,,,600237d1-9976-47a8-bebb-e78592dd3f6e,7196514b-d4b8-4fe0-93ac-deb4c205dd09,,,false,,,
6847d3a9-8310-42a4-a0e3-6f7f56b2e50e,,6c12952b-7cf3-4d6a-81bd-1ac3b7ff7076,0.00,,pending,,2025-06-23 08:21:11.992371+00,2025-06-23 08:21:11.992371+00,,,,AUD,Unpaid,,,600237d1-9976-47a8-bebb-e78592dd3f6e,7196514b-d4b8-4fe0-93ac-deb4c205dd09,,,false,,,
9b581f82-5075-44f5-9d64-84005b7aeaac,,6c12952b-7cf3-4d6a-81bd-1ac3b7ff7076,0.00,,pending,,2025-06-23 08:21:11.992371+00,2025-06-23 08:21:11.992371+00,,,,AUD,Unpaid,,,600237d1-9976-47a8-bebb-e78592dd3f6e,7196514b-d4b8-4fe0-93ac-deb4c205dd09,,,false,,,
7267776c-109b-4a5e-b9c9-e27a118f5b17,,6c12952b-7cf3-4d6a-81bd-1ac3b7ff7076,0.00,,pending,,2025-06-23 08:21:11.992371+00,2025-06-23 08:21:11.992371+00,,,,AUD,Unpaid,,,600237d1-9976-47a8-bebb-e78592dd3f6e,7196514b-d4b8-4fe0-93ac-deb4c205dd09,,,false,,,
5489a1d7-0978-43ce-ad9f-9a886184308b,,6c12952b-7cf3-4d6a-81bd-1ac3b7ff7076,0.00,,pending,,2025-06-23 12:42:06.147696+00,2025-06-23 12:42:06.147696+00,,,,AUD,Unpaid,,,f5885035-cf1c-4f9d-bf95-7e7a16e15309,7196514b-d4b8-4fe0-93ac-deb4c205dd09,,,false,,,
488f608f-61a1-4d4f-b2f3-2a68a74383cb,,6c12952b-7cf3-4d6a-81bd-1ac3b7ff7076,0.00,,pending,,2025-06-24 07:03:56.940654+00,2025-06-24 07:03:56.940654+00,,,,AUD,Unpaid,,,87ea60d6-a457-4345-b92b-0e31d7b210c2,7196514b-d4b8-4fe0-93ac-deb4c205dd09,,,false,,,
4441d6b3-7310-47df-ab59-756dc8900c5e,,6c12952b-7cf3-4d6a-81bd-1ac3b7ff7076,0.00,,pending,,2025-06-25 03:11:00.954452+00,2025-06-25 03:11:00.954452+00,,,,AUD,Unpaid,,,c99cdb9e-3d4e-4624-86c2-e9f41a6255ad,7196514b-d4b8-4fe0-93ac-deb4c205dd09,,,false,,,
7bad9746-6fa1-4e6e-a297-cda265c4acf9,,6c12952b-7cf3-4d6a-81bd-1ac3b7ff7076,0.00,,pending,,2025-06-25 06:58:07.571933+00,2025-06-25 06:58:07.571933+00,,,,AUD,Unpaid,,,f132e11b-8809-4dbe-ad82-592ca29000de,7196514b-d4b8-4fe0-93ac-deb4c205dd09,,,false,,,
782d4d50-e6c9-4bb7-bab7-2dfffcf04045,,6c12952b-7cf3-4d6a-81bd-1ac3b7ff7076,0.00,,pending,,2025-06-25 09:59:56.482295+00,2025-06-25 09:59:56.482295+00,,,,AUD,Unpaid,,,4d93aa3c-51ae-4901-a655-de7e51cea43e,7196514b-d4b8-4fe0-93ac-deb4c205dd09,,,false,,,
ba4bc66e-4b93-4937-8fb2-e2e12696d378,895ebf19-d25a-4abd-8200-f01ca6059c8e,a1b2c3d4-e5f6-7890-abcd-ef1234567890,0.00,,Active,,2025-06-07 15:33:14.086772+00,2025-06-07 15:33:14.086772+00,,,0.00,AUD,Unpaid,,,90fa5fed-7798-4e2f-9b13-521ddcfea8c6,,,,false,,,
5fbce03a-8e3b-499d-a157-a3d76e03e3c8,8071ea4a-8e7c-45af-a4b8-86bfaaf7ac06,a1b2c3d4-e5f6-7890-abcd-ef1234567890,0.00,,Active,,2025-06-08 19:37:22.974126+00,2025-06-08 19:37:22.974126+00,,,0.00,AUD,Unpaid,,,43f3fa8b-e605-44cf-af81-d4250eaa276f,,,,false,,,
f842cef1-9265-46e4-9158-b1b604909492,,a1b2c3d4-e5f6-7890-abcd-ef1234567890,0.00,,pending,,2025-06-12 23:08:58.68736+00,2025-06-12 23:08:58.68736+00,,,,AUD,Unpaid,,,e969a621-c535-413b-95a2-8d5e57f6e0cc,d4e5f6a7-b8c9-4567-def0-456789012345,,,false,,,
1a5d0c10-0b59-477c-856e-4222f3e3d226,,a1b2c3d4-e5f6-7890-abcd-ef1234567890,0.00,,pending,,2025-06-13 02:19:56.707201+00,2025-06-13 02:19:56.707201+00,,,,AUD,Unpaid,,,9702da19-deb6-465e-b3e5-b0aed0894eb6,d4e5f6a7-b8c9-4567-def0-456789012345,,,false,,,
fda2604f-caf8-45f2-b0df-617ec189d016,,a1b2c3d4-e5f6-7890-abcd-ef1234567890,1150.00,,sold,,2025-06-17 03:14:09.211544+00,2025-06-17 03:14:09.211544+00,,,,AUD,Unpaid,,794841e4-5f04-4899-96e2-c0afece4d5f2,654fff3d-b939-4984-89bd-17e9dc8d9a75,,1150.0000000000000000,confirmed,false,,d4e5f6a7-b8c9-4567-def0-456789012345,
df8f2b38-ae5d-452a-b8ff-a0cd066476a3,,a1b2c3d4-e5f6-7890-abcd-ef1234567890,1150.00,,sold,,2025-06-17 04:46:11.199218+00,2025-06-17 04:46:11.199218+00,,,,AUD,Unpaid,,794841e4-5f04-4899-96e2-c0afece4d5f2,825be57a-a1d2-4baa-86a6-a8d7c049e0ee,,1150.0000000000000000,confirmed,false,,d4e5f6a7-b8c9-4567-def0-456789012345,
1f7959ce-87d9-4c4b-9410-1cf768ea85b8,,a1b2c3d4-e5f6-7890-abcd-ef1234567890,1150.00,,sold,,2025-06-17 05:11:26.708437+00,2025-06-17 05:11:26.708437+00,,,,AUD,Unpaid,,794841e4-5f04-4899-96e2-c0afece4d5f2,ac2f75bc-d628-4953-82ff-10e3491e6c6c,,1150.0000000000000000,confirmed,false,,d4e5f6a7-b8c9-4567-def0-456789012345,
96424a43-807d-4b3c-81d6-8c89e49234ad,,a1b2c3d4-e5f6-7890-abcd-ef1234567890,1150.00,,sold,,2025-06-17 06:07:28.621358+00,2025-06-17 06:07:28.621358+00,,,,AUD,Unpaid,,794841e4-5f04-4899-96e2-c0afece4d5f2,91eb13fe-0714-4c79-8839-9c36389ac20a,,1150.0000000000000000,confirmed,false,,d4e5f6a7-b8c9-4567-def0-456789012345,
0c239700-79d0-432e-b087-f9df882b3e4e,,a1b2c3d4-e5f6-7890-abcd-ef1234567890,1150.00,,sold,,2025-06-17 06:11:30.708403+00,2025-06-17 06:11:30.708403+00,,,,AUD,Unpaid,,794841e4-5f04-4899-96e2-c0afece4d5f2,aca83ae3-33e9-4ff3-a4cd-6af04554479b,,1150.0000000000000000,confirmed,false,,d4e5f6a7-b8c9-4567-def0-456789012345,
060d21ce-e5ba-4261-8a24-dbf72fc53e01,,a1b2c3d4-e5f6-7890-abcd-ef1234567890,1150.00,,sold,,2025-06-17 06:11:30.708403+00,2025-06-17 06:11:30.708403+00,,,,AUD,Unpaid,,794841e4-5f04-4899-96e2-c0afece4d5f2,aca83ae3-33e9-4ff3-a4cd-6af04554479b,,1150.0000000000000000,confirmed,false,,d4e5f6a7-b8c9-4567-def0-456789012345,
8c947960-0e02-4860-8349-c34f5cfcbc53,,a1b2c3d4-e5f6-7890-abcd-ef1234567890,1150.00,,sold,,2025-06-17 06:38:05.437377+00,2025-06-17 06:38:05.437377+00,,,,AUD,Unpaid,,794841e4-5f04-4899-96e2-c0afece4d5f2,f04785c9-1eb8-4bba-b6be-634ba4d8d8f8,,1150.0000000000000000,confirmed,false,,d4e5f6a7-b8c9-4567-def0-456789012345,
2179ef68-357b-436d-b111-816cd9d6a582,,a1b2c3d4-e5f6-7890-abcd-ef1234567890,1150.00,,sold,,2025-06-17 07:02:25.208767+00,2025-06-17 07:02:25.208767+00,,,,AUD,Unpaid,,794841e4-5f04-4899-96e2-c0afece4d5f2,2a0eef32-78e2-4ad8-be6a-db2e356db9ef,,1150.0000000000000000,confirmed,false,,d4e5f6a7-b8c9-4567-def0-456789012345,
4b7bafc4-f3c0-4157-9823-14eb0808ba1d,,a1b2c3d4-e5f6-7890-abcd-ef1234567890,1150.00,,sold,,2025-06-17 07:02:25.208767+00,2025-06-17 07:02:25.208767+00,,,,AUD,Unpaid,,794841e4-5f04-4899-96e2-c0afece4d5f2,2a0eef32-78e2-4ad8-be6a-db2e356db9ef,,1150.0000000000000000,confirmed,false,,d4e5f6a7-b8c9-4567-def0-456789012345,
1268c8e8-72a7-47c5-b9bb-865d80810fb3,,a1b2c3d4-e5f6-7890-abcd-ef1234567890,1150.00,,sold,,2025-06-17 07:18:29.097258+00,2025-06-17 07:18:29.097258+00,,,,AUD,Unpaid,,794841e4-5f04-4899-96e2-c0afece4d5f2,a502eec2-4f0b-44aa-b605-a6ec622a546a,,1150.0000000000000000,confirmed,false,,d4e5f6a7-b8c9-4567-def0-456789012345,
72590289-22be-48ef-b026-a7d107af7af2,,a1b2c3d4-e5f6-7890-abcd-ef1234567890,1150.00,,sold,,2025-06-18 01:48:48.377024+00,2025-06-18 01:48:48.377024+00,,,,AUD,Unpaid,,794841e4-5f04-4899-96e2-c0afece4d5f2,c20df7a8-da41-4d6c-bc77-d5b9e1324a47,,1150.0000000000000000,confirmed,false,,d4e5f6a7-b8c9-4567-def0-456789012345,
2c267e06-6d24-4b78-80fe-a7e74f9d88db,,a1b2c3d4-e5f6-7890-abcd-ef1234567890,1150.00,,sold,,2025-06-18 01:48:48.377024+00,2025-06-18 01:48:48.377024+00,,,,AUD,Unpaid,,794841e4-5f04-4899-96e2-c0afece4d5f2,c20df7a8-da41-4d6c-bc77-d5b9e1324a47,,1150.0000000000000000,confirmed,false,,d4e5f6a7-b8c9-4567-def0-456789012345,
3bc2f837-934f-4711-8b65-4520d3802257,,a1b2c3d4-e5f6-7890-abcd-ef1234567890,0.00,,pending,,2025-06-18 06:42:24.292071+00,2025-06-18 06:42:24.292071+00,,,,AUD,Unpaid,,,92d8d83d-cc7a-4b7d-87de-8f745474b55b,d4e5f6a7-b8c9-4567-def0-456789012345,,,false,,,
f60064c2-9a15-4a39-bba8-c306db3925fe,,a1b2c3d4-e5f6-7890-abcd-ef1234567890,1150.00,,Active,,2025-06-19 22:12:38.127132+00,2025-06-19 22:12:38.127132+00,,,,AUD,Unpaid,,794841e4-5f04-4899-96e2-c0afece4d5f2,ba78e9c7-abf7-492f-94cf-2723fe67fc3a,,1150.0000000000000000,,false,,d4e5f6a7-b8c9-4567-def0-456789012345,
aac8bab9-1665-4223-b7ef-554c15ca94a5,,a1b2c3d4-e5f6-7890-abcd-ef1234567890,1150.00,,Active,,2025-06-21 00:42:47.296693+00,2025-06-21 00:42:47.296693+00,,,,AUD,Unpaid,,794841e4-5f04-4899-96e2-c0afece4d5f2,0b69a89b-4e7f-46bf-92bf-08d29fecb79c,,1150.0000000000000000,,false,,d4e5f6a7-b8c9-4567-def0-456789012345,
7996a043-28aa-4ef1-b79c-5c490181a58d,,a1b2c3d4-e5f6-7890-abcd-ef1234567890,0.00,,pending,,2025-06-21 01:25:34.930326+00,2025-06-21 01:25:34.930326+00,,,,AUD,Unpaid,,,ced31218-2c1c-4404-9527-e8dc3d9b229e,d4e5f6a7-b8c9-4567-def0-456789012345,,,false,,,
228a9210-8e86-4c93-af06-e307ede397dc,,a1b2c3d4-e5f6-7890-abcd-ef1234567890,1150.00,,Active,,2025-06-21 07:27:33.935459+00,2025-06-21 07:27:33.935459+00,,,,AUD,Unpaid,,794841e4-5f04-4899-96e2-c0afece4d5f2,651b5606-d177-4fca-9684-057946026fc1,,1150.0000000000000000,,false,,d4e5f6a7-b8c9-4567-def0-456789012345,
92e2ce1e-51ab-4394-83c8-de0599441d4f,,d19d0c78-bf04-48a3-b8c5-7b9724079451,1150.00,,Active,,2025-06-21 23:13:06.571254+00,2025-06-21 23:13:06.571254+00,,,,AUD,Unpaid,,794841e4-5f04-4899-96e2-c0afece4d5f2,8024de93-41f3-4e37-9b9f-41b0e80a8f2f,,1150.0000000000000000,,false,,be94ef03-6647-48d5-97ea-f98c862e30e6,
772fc93f-c0d0-4f5e-8946-861d525ccea8,,d19d0c78-bf04-48a3-b8c5-7b9724079451,1150.00,,Active,,2025-06-21 23:13:06.571254+00,2025-06-21 23:13:06.571254+00,,,,AUD,Unpaid,,794841e4-5f04-4899-96e2-c0afece4d5f2,8024de93-41f3-4e37-9b9f-41b0e80a8f2f,,1150.0000000000000000,,false,,be94ef03-6647-48d5-97ea-f98c862e30e6,
b03b710a-9ace-458b-9381-be94447de145,,d19d0c78-bf04-48a3-b8c5-7b9724079451,1150.00,,Active,,2025-06-21 23:13:06.571254+00,2025-06-21 23:13:06.571254+00,,,,AUD,Unpaid,,794841e4-5f04-4899-96e2-c0afece4d5f2,8024de93-41f3-4e37-9b9f-41b0e80a8f2f,,1150.0000000000000000,,false,,be94ef03-6647-48d5-97ea-f98c862e30e6,
8db6befa-cdf4-4b91-8788-d9a9e9ee187b,,d19d0c78-bf04-48a3-b8c5-7b9724079451,1150.00,,Active,,2025-06-21 23:13:06.571254+00,2025-06-21 23:13:06.571254+00,,,,AUD,Unpaid,,794841e4-5f04-4899-96e2-c0afece4d5f2,8024de93-41f3-4e37-9b9f-41b0e80a8f2f,,1150.0000000000000000,,false,,be94ef03-6647-48d5-97ea-f98c862e30e6,
0ee49029-e1bb-4a1a-b546-b9321d7e24fd,5c359055-46dd-44af-8b12-54f5ffa38897,e842bdb2-aff8-46d8-a347-bf50840fff13,0.00,,Active,,2025-06-07 15:33:14.086772+00,2025-06-07 15:33:14.086772+00,,,0.00,AUD,Unpaid,,,90fa5fed-7798-4e2f-9b13-521ddcfea8c6,,,,false,,,
3cae0d5f-1f92-4da0-9cad-2dc7decdddae,895ebf19-d25a-4abd-8200-f01ca6059c8e,e842bdb2-aff8-46d8-a347-bf50840fff13,0.00,,Active,,2025-06-07 15:33:14.086772+00,2025-06-07 15:33:14.086772+00,,,0.00,AUD,Unpaid,,,90fa5fed-7798-4e2f-9b13-521ddcfea8c6,,,,false,,,
3c467e74-2e62-4391-b9df-232e527bead6,8071ea4a-8e7c-45af-a4b8-86bfaaf7ac06,e842bdb2-aff8-46d8-a347-bf50840fff13,0.00,,Active,,2025-06-08 19:37:22.974126+00,2025-06-08 19:37:22.974126+00,,,0.00,AUD,Unpaid,,,43f3fa8b-e605-44cf-af81-d4250eaa276f,,,,false,,,
1999d6f3-0696-4dec-a439-3cce258775f2,e25da6ba-3d00-4b28-bce3-0bc5c128a8d5,e842bdb2-aff8-46d8-a347-bf50840fff13,0.00,,Active,,2025-06-09 08:52:36.873199+00,2025-06-09 08:52:36.873199+00,,,0.00,AUD,Unpaid,,,b509f98e-6270-4666-89fe-d9776f73c331,,,,false,,,
05d07092-774a-4883-ba0a-e287bdbd2bc6,,e842bdb2-aff8-46d8-a347-bf50840fff13,0.00,,pending,,2025-06-12 23:08:58.68736+00,2025-06-12 23:08:58.68736+00,,,,AUD,Unpaid,,,e969a621-c535-413b-95a2-8d5e57f6e0cc,d586ecc1-e410-4ef3-a59c-4a53a866bc33,,,false,,,
18000f7d-0233-46e2-97c3-880c2622664d,,e842bdb2-aff8-46d8-a347-bf50840fff13,0.00,,pending,,2025-06-13 02:19:56.707201+00,2025-06-13 02:19:56.707201+00,,,,AUD,Unpaid,,,9702da19-deb6-465e-b3e5-b0aed0894eb6,d586ecc1-e410-4ef3-a59c-4a53a866bc33,,,false,,,
26523883-213d-4132-b5c5-a18a3b021631,,e842bdb2-aff8-46d8-a347-bf50840fff13,0.00,,pending,,2025-06-15 04:34:17.921564+00,2025-06-15 04:34:17.921564+00,,,,AUD,Unpaid,,,7614f44f-66e7-4e2e-a542-7e7f75ddfc8f,d586ecc1-e410-4ef3-a59c-4a53a866bc33,,,false,,,
f3574493-1233-425f-8a5b-3e0243a603ed,,e842bdb2-aff8-46d8-a347-bf50840fff13,0.00,,pending,,2025-06-17 05:08:26.878415+00,2025-06-17 05:08:26.878415+00,,,,AUD,Unpaid,,,3b47e5d9-cb7e-4d0c-ac82-cb0d2074b85b,d586ecc1-e410-4ef3-a59c-4a53a866bc33,,,false,,,
d8ea6b14-f11a-43c6-9b62-3b2d58f48f39,,e842bdb2-aff8-46d8-a347-bf50840fff13,0.00,,pending,,2025-06-17 06:33:46.350021+00,2025-06-17 06:33:46.350021+00,,,,AUD,Unpaid,,,16d5b9c2-46fe-4959-989a-b761c6c3c4d5,d586ecc1-e410-4ef3-a59c-4a53a866bc33,,,false,,,
5bbe0a68-4e29-413b-9cd5-3d00d3b091d2,,e842bdb2-aff8-46d8-a347-bf50840fff13,0.00,,pending,,2025-06-17 23:43:46.123792+00,2025-06-17 23:43:46.123792+00,,,,AUD,Unpaid,,,96281c47-0525-44a7-9ff0-07f6d0ef5fdd,d586ecc1-e410-4ef3-a59c-4a53a866bc33,,,false,,,
1dac4aaf-585a-43f1-959d-5fefcea1844c,,e842bdb2-aff8-46d8-a347-bf50840fff13,0.00,,pending,,2025-06-18 00:16:01.252222+00,2025-06-18 00:16:01.252222+00,,,,AUD,Unpaid,,,11e5d2aa-9054-485b-8dcd-bd248bb93464,d586ecc1-e410-4ef3-a59c-4a53a866bc33,,,false,,,
7a01fd61-2759-4776-b21e-8dafd250d40f,,e842bdb2-aff8-46d8-a347-bf50840fff13,0.00,,pending,,2025-06-18 00:16:01.252222+00,2025-06-18 00:16:01.252222+00,,,,AUD,Unpaid,,,11e5d2aa-9054-485b-8dcd-bd248bb93464,d586ecc1-e410-4ef3-a59c-4a53a866bc33,,,false,,,
941753e3-face-43a6-8839-6e009255bdc4,,e842bdb2-aff8-46d8-a347-bf50840fff13,0.00,,pending,,2025-06-18 02:04:33.594378+00,2025-06-18 02:04:33.594378+00,,,,AUD,Unpaid,,,76349cc5-309e-48c2-87a2-7edfb10fc4e9,d586ecc1-e410-4ef3-a59c-4a53a866bc33,,,false,,,
835e2255-06c0-4779-bd72-0f942d9259ae,,e842bdb2-aff8-46d8-a347-bf50840fff13,0.00,,pending,,2025-06-18 06:42:24.292071+00,2025-06-18 06:42:24.292071+00,,,,AUD,Unpaid,,,92d8d83d-cc7a-4b7d-87de-8f745474b55b,d586ecc1-e410-4ef3-a59c-4a53a866bc33,,,false,,,
3303936a-8918-4639-a43f-54eefe3c4699,,e842bdb2-aff8-46d8-a347-bf50840fff13,0.00,,pending,,2025-06-18 06:42:24.292071+00,2025-06-18 06:42:24.292071+00,,,,AUD,Unpaid,,,92d8d83d-cc7a-4b7d-87de-8f745474b55b,d586ecc1-e410-4ef3-a59c-4a53a866bc33,,,false,,,
aeff85bb-da5c-498f-b204-61ebaf7b00a4,,e842bdb2-aff8-46d8-a347-bf50840fff13,0.00,,pending,,2025-06-18 06:47:38.68921+00,2025-06-18 06:47:38.68921+00,,,,AUD,Unpaid,,,ac880769-a251-4914-b16d-f75b4d839a2d,d586ecc1-e410-4ef3-a59c-4a53a866bc33,,,false,,,
561608ce-66b4-4cfa-b32c-a4779c23e0e7,,e842bdb2-aff8-46d8-a347-bf50840fff13,0.00,,pending,,2025-06-19 23:22:29.722376+00,2025-06-19 23:22:29.722376+00,,,,AUD,Unpaid,,,ddda3654-b0c0-40ee-93a2-ab06dfc0c17f,d586ecc1-e410-4ef3-a59c-4a53a866bc33,,,false,,,
c3317714-9915-408d-891f-9c0407b96591,,e842bdb2-aff8-46d8-a347-bf50840fff13,0.00,,pending,,2025-06-19 23:22:29.722376+00,2025-06-19 23:22:29.722376+00,,,,AUD,Unpaid,,,ddda3654-b0c0-40ee-93a2-ab06dfc0c17f,d586ecc1-e410-4ef3-a59c-4a53a866bc33,,,false,,,
78f8b8de-8558-4a86-8548-bce7a0da0e80,,e842bdb2-aff8-46d8-a347-bf50840fff13,0.00,,pending,,2025-06-20 04:19:14.418396+00,2025-06-20 04:19:14.418396+00,,,,AUD,Unpaid,,,21116c31-aefa-471d-9327-c97c196c9c70,d586ecc1-e410-4ef3-a59c-4a53a866bc33,,,false,,,
e28e803c-bdcf-4cf0-b5d8-8d2b241e7230,,e842bdb2-aff8-46d8-a347-bf50840fff13,0.00,,pending,,2025-06-21 01:01:23.916874+00,2025-06-21 01:01:23.916874+00,,,,AUD,Unpaid,,,b64ddc39-a321-4fc3-ac03-1e2264836527,d586ecc1-e410-4ef3-a59c-4a53a866bc33,,,false,,,
a8db3911-874a-4536-9488-74b9d24f48d6,,e842bdb2-aff8-46d8-a347-bf50840fff13,0.00,,pending,,2025-06-21 01:11:25.662857+00,2025-06-21 01:11:25.662857+00,,,,AUD,Unpaid,,,41c139f9-25a7-4ef5-8709-9dc1ee6af142,d586ecc1-e410-4ef3-a59c-4a53a866bc33,,,false,,,
7f347768-ae7f-4fe9-8002-615ed6d784f7,,e842bdb2-aff8-46d8-a347-bf50840fff13,0.00,,pending,,2025-06-21 01:11:25.662857+00,2025-06-21 01:11:25.662857+00,,,,AUD,Unpaid,,,41c139f9-25a7-4ef5-8709-9dc1ee6af142,d586ecc1-e410-4ef3-a59c-4a53a866bc33,,,false,,,
69f5c153-490d-49ce-99bd-aa93c48e3c2e,,e842bdb2-aff8-46d8-a347-bf50840fff13,1150.00,,Active,,2025-06-22 15:22:42.159507+00,2025-06-22 15:22:42.159507+00,,,,AUD,Unpaid,,794841e4-5f04-4899-96e2-c0afece4d5f2,1b538a7d-4370-49a3-a1af-b3110a4015a0,,1150.0000000000000000,,false,,d586ecc1-e410-4ef3-a59c-4a53a866bc33,
ecd1092f-44f2-4742-b8e9-4f67f8f9f993,,e842bdb2-aff8-46d8-a347-bf50840fff13,0.00,,pending,,2025-06-23 00:48:50.427646+00,2025-06-23 00:48:50.427646+00,,,,AUD,Unpaid,,,3fa1b373-cba2-4080-ab20-ecdcf008b382,d586ecc1-e410-4ef3-a59c-4a53a866bc33,,,false,,,
54a6b3de-4077-47c3-95e7-5708160395d6,,e842bdb2-aff8-46d8-a347-bf50840fff13,1150.00,,Active,,2025-06-24 02:37:53.746337+00,2025-06-24 02:37:53.746337+00,,,,AUD,Unpaid,,794841e4-5f04-4899-96e2-c0afece4d5f2,a2f31052-3039-4e0d-b820-526e0e7ca4f2,,1150.0000000000000000,,false,,d586ecc1-e410-4ef3-a59c-4a53a866bc33,
556187d4-36ed-426c-b3cb-f69b570f7e39,3cd1dd6c-508b-4529-9e3d-ab86fc872a81,,0.00,,Active,,2025-06-08 18:01:58.453022+00,2025-06-08 18:01:58.453022+00,,,0.00,AUD,Unpaid,,,2cb923f1-c674-4a52-8bab-05aa94c5148f,,,,false,,,
2b1bd48a-3041-4b55-8f62-d9422ca72a5e,4560eb5d-a9ee-4455-b241-fdda96e51a94,,0.00,,Active,,2025-06-08 19:37:22.974126+00,2025-06-08 19:37:22.974126+00,,,0.00,AUD,Unpaid,,,43f3fa8b-e605-44cf-af81-d4250eaa276f,,,,false,,,
bf953270-7c3e-4e4e-aaf7-85ea91b1c674,b91ac99e-4d6f-4c69-895d-686e90a7c8c6,,0.00,,Active,,2025-06-09 03:17:55.423873+00,2025-06-09 03:17:55.423873+00,,,0.00,AUD,Unpaid,,,ee93dfa6-912b-4554-9521-e57eb0326b96,,,,false,,,